0 verbose cli /usr/local/bin/node /usr/local/bin/npm
1 info using npm@11.6.1
2 info using node@v24.11.0
3 silly config load:file:/usr/local/lib/node_modules/npm/npmrc
4 silly config load:file:/Users/diona/Desktop/Lab1-Projekti/frontend/.npmrc
5 silly config load:file:/Users/diona/.npmrc
6 silly config load:file:/usr/local/etc/npmrc
7 verbose title npm install
8 verbose argv "install" "--cache" "/Users/diona/Desktop/Lab1-Projekti/.npm-cache"
9 verbose logfile logs-max:10 dir:/Users/diona/Desktop/Lab1-Projekti/.npm-cache/_logs/2026-05-23T22_18_59_817Z-
10 verbose logfile /Users/diona/Desktop/Lab1-Projekti/.npm-cache/_logs/2026-05-23T22_18_59_817Z-debug-0.log
11 silly logfile done cleaning log files
12 silly packumentCache heap:2348810240 maxSize:587202560 maxEntrySize:293601280
13 silly idealTree buildDeps
14 silly fetch manifest axios@^1.6.8
15 silly packumentCache full:https://registry.npmjs.org/axios cache-miss
16 http fetch GET 200 https://registry.npmjs.org/axios 211ms (cache miss)
17 silly packumentCache full:https://registry.npmjs.org/axios set size:undefined disposed:false
18 silly fetch manifest bootstrap@^5.3.3
19 silly packumentCache full:https://registry.npmjs.org/bootstrap cache-miss
20 http fetch GET 200 https://registry.npmjs.org/bootstrap 265ms (cache miss)
21 silly packumentCache full:https://registry.npmjs.org/bootstrap set size:undefined disposed:false
22 silly fetch manifest @popperjs/core@^2.11.8
23 silly packumentCache full:https://registry.npmjs.org/@popperjs%2fcore cache-miss
24 http fetch GET 200 https://registry.npmjs.org/@popperjs%2fcore 116ms (cache miss)
25 silly packumentCache full:https://registry.npmjs.org/@popperjs%2fcore set size:undefined disposed:false
26 silly fetch manifest bootstrap-icons@^1.11.3
27 silly packumentCache full:https://registry.npmjs.org/bootstrap-icons cache-miss
28 http fetch GET 200 https://registry.npmjs.org/bootstrap-icons 266ms (cache miss)
29 silly packumentCache full:https://registry.npmjs.org/bootstrap-icons set size:undefined disposed:false
30 silly fetch manifest react@^19.2.6
31 silly packumentCache full:https://registry.npmjs.org/react cache-miss
32 http fetch GET 200 https://registry.npmjs.org/react 204ms (cache miss)
33 silly packumentCache full:https://registry.npmjs.org/react set size:undefined disposed:false
34 silly fetch manifest react-dom@^19.2.6
35 silly packumentCache full:https://registry.npmjs.org/react-dom cache-miss
36 http fetch GET 200 https://registry.npmjs.org/react-dom 205ms (cache miss)
37 silly packumentCache full:https://registry.npmjs.org/react-dom set size:undefined disposed:false
38 silly fetch manifest react-router-dom@^6.23.0
39 silly packumentCache full:https://registry.npmjs.org/react-router-dom cache-miss
40 http fetch GET 200 https://registry.npmjs.org/react-router-dom 790ms (cache miss)
41 silly packumentCache full:https://registry.npmjs.org/react-router-dom set size:undefined disposed:false
42 silly fetch manifest @eslint/js@^10.0.1
43 silly packumentCache full:https://registry.npmjs.org/@eslint%2fjs cache-miss
44 http fetch GET 200 https://registry.npmjs.org/@eslint%2fjs 72ms (cache miss)
45 silly packumentCache full:https://registry.npmjs.org/@eslint%2fjs set size:undefined disposed:false
46 silly fetch manifest eslint@^10.3.0
47 silly packumentCache full:https://registry.npmjs.org/eslint cache-miss
48 http fetch GET 200 https://registry.npmjs.org/eslint 147ms (cache miss)
49 silly packumentCache full:https://registry.npmjs.org/eslint set size:undefined disposed:false
50 silly fetch manifest jiti@*
51 silly packumentCache full:https://registry.npmjs.org/jiti cache-miss
52 http fetch GET 200 https://registry.npmjs.org/jiti 85ms (cache miss)
53 silly packumentCache full:https://registry.npmjs.org/jiti set size:undefined disposed:false
54 silly fetch manifest @types/react@^19.2.14
55 silly packumentCache full:https://registry.npmjs.org/@types%2freact cache-miss
56 http fetch GET 200 https://registry.npmjs.org/@types%2freact 216ms (cache miss)
57 silly packumentCache full:https://registry.npmjs.org/@types%2freact set size:undefined disposed:false
58 silly fetch manifest @types/react-dom@^19.2.3
59 silly packumentCache full:https://registry.npmjs.org/@types%2freact-dom cache-miss
60 http fetch GET 200 https://registry.npmjs.org/@types%2freact-dom 96ms (cache miss)
61 silly packumentCache full:https://registry.npmjs.org/@types%2freact-dom set size:undefined disposed:false
62 silly fetch manifest @vitejs/plugin-react@^6.0.1
63 silly packumentCache full:https://registry.npmjs.org/@vitejs%2fplugin-react cache-miss
64 http fetch GET 200 https://registry.npmjs.org/@vitejs%2fplugin-react 80ms (cache miss)
65 silly packumentCache full:https://registry.npmjs.org/@vitejs%2fplugin-react set size:undefined disposed:false
66 silly fetch manifest @rolldown/plugin-babel@^0.1.7 || ^0.2.0
67 silly packumentCache full:https://registry.npmjs.org/@rolldown%2fplugin-babel cache-miss
68 http fetch GET 200 https://registry.npmjs.org/@rolldown%2fplugin-babel 444ms (cache miss)
69 silly packumentCache full:https://registry.npmjs.org/@rolldown%2fplugin-babel set size:undefined disposed:false
70 silly fetch manifest @babel/core@^7.29.0 || ^8.0.0-rc.1
71 silly packumentCache full:https://registry.npmjs.org/@babel%2fcore cache-miss
72 http fetch GET 200 https://registry.npmjs.org/@babel%2fcore 116ms (cache miss)
73 silly packumentCache full:https://registry.npmjs.org/@babel%2fcore set size:undefined disposed:false
74 silly fetch manifest @babel/plugin-transform-runtime@^7.29.0 || ^8.0.0-rc.1
75 silly packumentCache full:https://registry.npmjs.org/@babel%2fplugin-transform-runtime cache-miss
76 http fetch GET 200 https://registry.npmjs.org/@babel%2fplugin-transform-runtime 101ms (cache miss)
77 silly packumentCache full:https://registry.npmjs.org/@babel%2fplugin-transform-runtime set size:undefined disposed:false
78 silly fetch manifest @babel/runtime@^7.27.0 || ^8.0.0-rc.1
79 silly packumentCache full:https://registry.npmjs.org/@babel%2fruntime cache-miss
80 http fetch GET 200 https://registry.npmjs.org/@babel%2fruntime 284ms (cache miss)
81 silly packumentCache full:https://registry.npmjs.org/@babel%2fruntime set size:undefined disposed:false
82 silly fetch manifest rolldown@^1.0.0-rc.5
83 silly packumentCache full:https://registry.npmjs.org/rolldown cache-miss
84 http fetch GET 200 https://registry.npmjs.org/rolldown 160ms (cache miss)
85 silly packumentCache full:https://registry.npmjs.org/rolldown set size:undefined disposed:false
86 silly fetch manifest vite@^8.0.12
87 silly packumentCache full:https://registry.npmjs.org/vite cache-miss
88 http fetch GET 200 https://registry.npmjs.org/vite 1541ms (cache miss)
89 silly packumentCache full:https://registry.npmjs.org/vite set size:undefined disposed:false
90 silly fetch manifest @types/node@^20.19.0 || >=22.12.0
91 silly packumentCache full:https://registry.npmjs.org/@types%2fnode cache-miss
92 http cache https://registry.npmjs.org/@types%2fnode 39ms (cache hit)
93 silly packumentCache full:https://registry.npmjs.org/@types%2fnode set size:11015753 disposed:false
94 silly fetch manifest @vitejs/devtools@^0.1.18
95 silly packumentCache full:https://registry.npmjs.org/@vitejs%2fdevtools cache-miss
96 http fetch GET 200 https://registry.npmjs.org/@vitejs%2fdevtools 516ms (cache miss)
97 silly packumentCache full:https://registry.npmjs.org/@vitejs%2fdevtools set size:undefined disposed:false
98 silly fetch manifest esbuild@^0.27.0 || ^0.28.0
99 silly packumentCache full:https://registry.npmjs.org/esbuild cache-miss
100 http fetch GET 200 https://registry.npmjs.org/esbuild 122ms (cache miss)
101 silly packumentCache full:https://registry.npmjs.org/esbuild set size:undefined disposed:false
102 silly fetch manifest jiti@>=1.21.0
103 silly packumentCache full:https://registry.npmjs.org/jiti cache-miss
104 http cache https://registry.npmjs.org/jiti 23ms (cache hit)
105 silly packumentCache full:https://registry.npmjs.org/jiti set size:387989 disposed:false
106 silly fetch manifest less@^4.0.0
107 silly packumentCache full:https://registry.npmjs.org/less cache-miss
108 http fetch GET 200 https://registry.npmjs.org/less 75ms (cache miss)
109 silly packumentCache full:https://registry.npmjs.org/less set size:undefined disposed:false
110 silly fetch manifest sass@^1.70.0
111 silly packumentCache full:https://registry.npmjs.org/sass cache-miss
112 http fetch GET 200 https://registry.npmjs.org/sass 282ms (cache miss)
113 silly packumentCache full:https://registry.npmjs.org/sass set size:undefined disposed:false
114 silly fetch manifest sass-embedded@^1.70.0
115 silly packumentCache full:https://registry.npmjs.org/sass-embedded cache-miss
116 http fetch GET 200 https://registry.npmjs.org/sass-embedded 68ms (cache miss)
117 silly packumentCache full:https://registry.npmjs.org/sass-embedded set size:undefined disposed:false
118 silly fetch manifest stylus@>=0.54.8
119 silly packumentCache full:https://registry.npmjs.org/stylus cache-miss
120 http fetch GET 200 https://registry.npmjs.org/stylus 53ms (cache miss)
121 silly packumentCache full:https://registry.npmjs.org/stylus set size:undefined disposed:false
122 silly fetch manifest sugarss@^5.0.0
123 silly packumentCache full:https://registry.npmjs.org/sugarss cache-miss
124 http fetch GET 200 https://registry.npmjs.org/sugarss 46ms (cache miss)
125 silly packumentCache full:https://registry.npmjs.org/sugarss set size:undefined disposed:false
126 silly fetch manifest postcss@^8.3.3
127 silly packumentCache full:https://registry.npmjs.org/postcss cache-miss
128 http fetch GET 200 https://registry.npmjs.org/postcss 77ms (cache miss)
129 silly packumentCache full:https://registry.npmjs.org/postcss set size:undefined disposed:false
130 silly fetch manifest terser@^5.16.0
131 silly packumentCache full:https://registry.npmjs.org/terser cache-miss
132 http fetch GET 200 https://registry.npmjs.org/terser 76ms (cache miss)
133 silly packumentCache full:https://registry.npmjs.org/terser set size:undefined disposed:false
134 silly fetch manifest tsx@^4.8.1
135 silly packumentCache full:https://registry.npmjs.org/tsx cache-miss
136 http fetch GET 200 https://registry.npmjs.org/tsx 58ms (cache miss)
137 silly packumentCache full:https://registry.npmjs.org/tsx set size:undefined disposed:false
138 silly fetch manifest yaml@^2.4.2
139 silly packumentCache full:https://registry.npmjs.org/yaml cache-miss
140 http fetch GET 200 https://registry.npmjs.org/yaml 63ms (cache miss)
141 silly packumentCache full:https://registry.npmjs.org/yaml set size:undefined disposed:false
142 silly fetch manifest babel-plugin-react-compiler@^1.0.0
143 silly packumentCache full:https://registry.npmjs.org/babel-plugin-react-compiler cache-miss
144 http fetch GET 200 https://registry.npmjs.org/babel-plugin-react-compiler 81ms (cache miss)
145 silly packumentCache full:https://registry.npmjs.org/babel-plugin-react-compiler set size:undefined disposed:false
146 silly fetch manifest eslint-plugin-react-hooks@^7.1.1
147 silly packumentCache full:https://registry.npmjs.org/eslint-plugin-react-hooks cache-miss
148 http fetch GET 200 https://registry.npmjs.org/eslint-plugin-react-hooks 199ms (cache miss)
149 silly packumentCache full:https://registry.npmjs.org/eslint-plugin-react-hooks set size:undefined disposed:false
150 silly fetch manifest eslint-plugin-react-refresh@^0.5.2
151 silly packumentCache full:https://registry.npmjs.org/eslint-plugin-react-refresh cache-miss
152 http fetch GET 200 https://registry.npmjs.org/eslint-plugin-react-refresh 52ms (cache miss)
153 silly packumentCache full:https://registry.npmjs.org/eslint-plugin-react-refresh set size:undefined disposed:false
154 silly fetch manifest globals@^17.6.0
155 silly packumentCache full:https://registry.npmjs.org/globals cache-miss
156 http fetch GET 200 https://registry.npmjs.org/globals 59ms (cache miss)
157 silly packumentCache full:https://registry.npmjs.org/globals set size:undefined disposed:false
158 silly placeDep ROOT @eslint/js@10.0.1 OK for: frontend@0.0.0 want: ^10.0.1
159 silly placeDep ROOT @types/react@19.2.15 OK for: frontend@0.0.0 want: ^19.2.14
160 silly placeDep ROOT @types/react-dom@19.2.3 OK for: frontend@0.0.0 want: ^19.2.3
161 silly placeDep ROOT @vitejs/plugin-react@6.0.2 OK for: frontend@0.0.0 want: ^6.0.1
162 silly placeDep ROOT vite@8.0.14 OK for: @vitejs/plugin-react@6.0.2 want: ^8.0.0
163 silly placeDep ROOT axios@1.16.1 OK for: frontend@0.0.0 want: ^1.6.8
164 silly placeDep ROOT bootstrap@5.3.8 OK for: frontend@0.0.0 want: ^5.3.3
165 silly placeDep ROOT @popperjs/core@2.11.8 OK for: bootstrap@5.3.8 want: ^2.11.8
166 silly placeDep ROOT bootstrap-icons@1.13.1 OK for: frontend@0.0.0 want: ^1.11.3
167 silly placeDep ROOT eslint@10.4.0 OK for: frontend@0.0.0 want: ^10.3.0
168 silly placeDep ROOT eslint-plugin-react-hooks@7.1.1 OK for: frontend@0.0.0 want: ^7.1.1
169 silly placeDep ROOT eslint-plugin-react-refresh@0.5.2 OK for: frontend@0.0.0 want: ^0.5.2
170 silly placeDep ROOT globals@17.6.0 OK for: frontend@0.0.0 want: ^17.6.0
171 silly placeDep ROOT react@19.2.6 OK for: frontend@0.0.0 want: ^19.2.6
172 silly placeDep ROOT react-dom@19.2.6 OK for: frontend@0.0.0 want: ^19.2.6
173 silly placeDep ROOT react-router-dom@6.30.3 OK for: frontend@0.0.0 want: ^6.23.0
174 silly fetch manifest csstype@^3.2.2
175 silly packumentCache full:https://registry.npmjs.org/csstype cache-miss
176 silly fetch manifest @rolldown/pluginutils@^1.0.0
177 silly packumentCache full:https://registry.npmjs.org/@rolldown%2fpluginutils cache-miss
178 silly fetch manifest lightningcss@^1.32.0
179 silly packumentCache full:https://registry.npmjs.org/lightningcss cache-miss
180 silly fetch manifest picomatch@^4.0.4
181 silly packumentCache full:https://registry.npmjs.org/picomatch cache-miss
182 silly fetch manifest postcss@^8.5.15
183 silly packumentCache full:https://registry.npmjs.org/postcss cache-miss
184 silly fetch manifest rolldown@1.0.2
185 silly packumentCache full:https://registry.npmjs.org/rolldown cache-miss
186 silly fetch manifest tinyglobby@^0.2.16
187 silly packumentCache full:https://registry.npmjs.org/tinyglobby cache-miss
188 http cache https://registry.npmjs.org/picomatch 19ms (cache hit)
189 silly packumentCache full:https://registry.npmjs.org/picomatch set size:126376 disposed:false
190 silly fetch manifest fsevents@~2.3.3
191 silly packumentCache full:https://registry.npmjs.org/fsevents cache-miss
192 http cache https://registry.npmjs.org/rolldown 26ms (cache hit)
193 silly packumentCache full:https://registry.npmjs.org/rolldown set size:3713182 disposed:false
194 silly fetch manifest follow-redirects@^1.16.0
195 silly packumentCache full:https://registry.npmjs.org/follow-redirects cache-miss
196 http cache https://registry.npmjs.org/postcss 41ms (cache hit)
197 silly packumentCache full:https://registry.npmjs.org/postcss set size:723316 disposed:false
198 silly fetch manifest form-data@^4.0.5
199 silly packumentCache full:https://registry.npmjs.org/form-data cache-miss
200 http cache https://registry.npmjs.org/fsevents 31ms (cache hit)
201 silly packumentCache full:https://registry.npmjs.org/fsevents set size:182472 disposed:false
202 silly fetch manifest https-proxy-agent@^5.0.1
203 silly packumentCache full:https://registry.npmjs.org/https-proxy-agent cache-miss
204 http fetch GET 200 https://registry.npmjs.org/csstype 59ms (cache miss)
205 silly packumentCache full:https://registry.npmjs.org/csstype set size:undefined disposed:false
206 silly fetch manifest proxy-from-env@^2.1.0
207 silly packumentCache full:https://registry.npmjs.org/proxy-from-env cache-miss
208 http fetch GET 200 https://registry.npmjs.org/proxy-from-env 45ms (cache miss)
209 silly packumentCache full:https://registry.npmjs.org/proxy-from-env set size:undefined disposed:false
210 silly fetch manifest @eslint-community/eslint-utils@^4.8.0
211 silly packumentCache full:https://registry.npmjs.org/@eslint-community%2feslint-utils cache-miss
212 http fetch GET 200 https://registry.npmjs.org/lightningcss 153ms (cache miss)
213 silly packumentCache full:https://registry.npmjs.org/lightningcss set size:undefined disposed:false
214 silly fetch manifest @eslint-community/regexpp@^4.12.2
215 silly packumentCache full:https://registry.npmjs.org/@eslint-community%2fregexpp cache-miss
216 http fetch GET 200 https://registry.npmjs.org/tinyglobby 154ms (cache miss)
217 silly packumentCache full:https://registry.npmjs.org/tinyglobby set size:undefined disposed:false
218 silly fetch manifest @eslint/config-array@^0.23.5
219 silly packumentCache full:https://registry.npmjs.org/@eslint%2fconfig-array cache-miss
220 http fetch GET 200 https://registry.npmjs.org/@eslint-community%2feslint-utils 58ms (cache miss)
221 silly packumentCache full:https://registry.npmjs.org/@eslint-community%2feslint-utils set size:undefined disposed:false
222 silly fetch manifest @eslint/config-helpers@^0.6.0
223 silly packumentCache full:https://registry.npmjs.org/@eslint%2fconfig-helpers cache-miss
224 http fetch GET 200 https://registry.npmjs.org/form-data 145ms (cache miss)
225 silly packumentCache full:https://registry.npmjs.org/form-data set size:undefined disposed:false
226 silly fetch manifest @eslint/core@^1.2.1
227 silly packumentCache full:https://registry.npmjs.org/@eslint%2fcore cache-miss
228 http fetch GET 200 https://registry.npmjs.org/https-proxy-agent 142ms (cache miss)
229 silly packumentCache full:https://registry.npmjs.org/https-proxy-agent set size:undefined disposed:false
230 silly fetch manifest @eslint/plugin-kit@^0.7.1
231 silly packumentCache full:https://registry.npmjs.org/@eslint%2fplugin-kit cache-miss
232 http fetch GET 200 https://registry.npmjs.org/follow-redirects 159ms (cache miss)
233 silly packumentCache full:https://registry.npmjs.org/follow-redirects set size:undefined disposed:false
234 silly fetch manifest @humanfs/node@^0.16.6
235 silly packumentCache full:https://registry.npmjs.org/@humanfs%2fnode cache-miss
236 http fetch GET 200 https://registry.npmjs.org/@rolldown%2fpluginutils 209ms (cache miss)
237 silly packumentCache full:https://registry.npmjs.org/@rolldown%2fpluginutils set size:undefined disposed:false
238 silly fetch manifest @humanwhocodes/module-importer@^1.0.1
239 silly packumentCache full:https://registry.npmjs.org/@humanwhocodes%2fmodule-importer cache-miss
240 http fetch GET 200 https://registry.npmjs.org/@eslint%2fcore 63ms (cache miss)
241 silly packumentCache full:https://registry.npmjs.org/@eslint%2fcore set size:undefined disposed:false
242 silly fetch manifest @humanwhocodes/retry@^0.4.2
243 silly packumentCache full:https://registry.npmjs.org/@humanwhocodes%2fretry cache-miss
244 http fetch GET 200 https://registry.npmjs.org/@eslint%2fconfig-array 103ms (cache miss)
245 silly packumentCache full:https://registry.npmjs.org/@eslint%2fconfig-array set size:undefined disposed:false
246 silly fetch manifest @types/estree@^1.0.6
247 silly packumentCache full:https://registry.npmjs.org/@types%2festree cache-miss
248 http fetch GET 200 https://registry.npmjs.org/@eslint%2fplugin-kit 73ms (cache miss)
249 silly packumentCache full:https://registry.npmjs.org/@eslint%2fplugin-kit set size:undefined disposed:false
250 silly fetch manifest ajv@^6.14.0
251 silly packumentCache full:https://registry.npmjs.org/ajv cache-miss
252 http fetch GET 200 https://registry.npmjs.org/@humanwhocodes%2fretry 57ms (cache miss)
253 silly packumentCache full:https://registry.npmjs.org/@humanwhocodes%2fretry set size:undefined disposed:false
254 silly fetch manifest cross-spawn@^7.0.6
255 silly packumentCache full:https://registry.npmjs.org/cross-spawn cache-miss
256 http fetch GET 200 https://registry.npmjs.org/@types%2festree 65ms (cache miss)
257 silly packumentCache full:https://registry.npmjs.org/@types%2festree set size:undefined disposed:false
258 silly fetch manifest debug@^4.3.2
259 silly packumentCache full:https://registry.npmjs.org/debug cache-miss
260 http cache https://registry.npmjs.org/debug 4ms (cache hit)
261 silly packumentCache full:https://registry.npmjs.org/debug set size:195840 disposed:false
262 silly fetch manifest escape-string-regexp@^4.0.0
263 silly packumentCache full:https://registry.npmjs.org/escape-string-regexp cache-miss
264 http fetch GET 200 https://registry.npmjs.org/cross-spawn 54ms (cache miss)
265 silly packumentCache full:https://registry.npmjs.org/cross-spawn set size:undefined disposed:false
266 silly fetch manifest eslint-scope@^9.1.2
267 silly packumentCache full:https://registry.npmjs.org/eslint-scope cache-miss
268 http fetch GET 200 https://registry.npmjs.org/ajv 110ms (cache miss)
269 silly packumentCache full:https://registry.npmjs.org/ajv set size:undefined disposed:false
270 silly fetch manifest eslint-visitor-keys@^5.0.1
271 silly packumentCache full:https://registry.npmjs.org/eslint-visitor-keys cache-miss
272 http fetch GET 200 https://registry.npmjs.org/escape-string-regexp 54ms (cache miss)
273 silly packumentCache full:https://registry.npmjs.org/escape-string-regexp set size:undefined disposed:false
274 silly fetch manifest espree@^11.2.0
275 silly packumentCache full:https://registry.npmjs.org/espree cache-miss
276 http fetch GET 200 https://registry.npmjs.org/@eslint%2fconfig-helpers 254ms (cache miss)
277 silly packumentCache full:https://registry.npmjs.org/@eslint%2fconfig-helpers set size:undefined disposed:false
278 silly fetch manifest esquery@^1.7.0
279 silly packumentCache full:https://registry.npmjs.org/esquery cache-miss
280 http fetch GET 200 https://registry.npmjs.org/eslint-scope 51ms (cache miss)
281 silly packumentCache full:https://registry.npmjs.org/eslint-scope set size:undefined disposed:false
282 silly fetch manifest esutils@^2.0.2
283 silly packumentCache full:https://registry.npmjs.org/esutils cache-miss
284 http fetch GET 200 https://registry.npmjs.org/@eslint-community%2fregexpp 277ms (cache miss)
285 silly packumentCache full:https://registry.npmjs.org/@eslint-community%2fregexpp set size:undefined disposed:false
286 silly fetch manifest fast-deep-equal@^3.1.3
287 silly packumentCache full:https://registry.npmjs.org/fast-deep-equal cache-miss
288 http fetch GET 200 https://registry.npmjs.org/espree 58ms (cache miss)
289 silly packumentCache full:https://registry.npmjs.org/espree set size:undefined disposed:false
290 silly fetch manifest file-entry-cache@^8.0.0
291 silly packumentCache full:https://registry.npmjs.org/file-entry-cache cache-miss
292 http fetch GET 200 https://registry.npmjs.org/@humanwhocodes%2fmodule-importer 248ms (cache miss)
293 silly packumentCache full:https://registry.npmjs.org/@humanwhocodes%2fmodule-importer set size:undefined disposed:false
294 silly fetch manifest find-up@^5.0.0
295 silly packumentCache full:https://registry.npmjs.org/find-up cache-miss
296 http fetch GET 200 https://registry.npmjs.org/esutils 42ms (cache miss)
297 silly packumentCache full:https://registry.npmjs.org/esutils set size:undefined disposed:false
298 silly fetch manifest glob-parent@^6.0.2
299 silly packumentCache full:https://registry.npmjs.org/glob-parent cache-miss
300 http fetch GET 200 https://registry.npmjs.org/@humanfs%2fnode 268ms (cache miss)
301 silly packumentCache full:https://registry.npmjs.org/@humanfs%2fnode set size:undefined disposed:false
302 silly fetch manifest ignore@^5.2.0
303 silly packumentCache full:https://registry.npmjs.org/ignore cache-miss
304 http cache https://registry.npmjs.org/glob-parent 7ms (cache hit)
305 silly packumentCache full:https://registry.npmjs.org/glob-parent set size:42445 disposed:false
306 silly fetch manifest imurmurhash@^0.1.4
307 silly packumentCache full:https://registry.npmjs.org/imurmurhash cache-miss
308 http fetch GET 200 https://registry.npmjs.org/fast-deep-equal 48ms (cache miss)
309 silly packumentCache full:https://registry.npmjs.org/fast-deep-equal set size:undefined disposed:false
310 silly fetch manifest is-glob@^4.0.0
311 silly packumentCache full:https://registry.npmjs.org/is-glob cache-miss
312 http cache https://registry.npmjs.org/is-glob 3ms (cache hit)
313 silly packumentCache full:https://registry.npmjs.org/is-glob set size:40530 disposed:false
314 silly fetch manifest json-stable-stringify-without-jsonify@^1.0.1
315 silly packumentCache full:https://registry.npmjs.org/json-stable-stringify-without-jsonify cache-miss
316 http fetch GET 200 https://registry.npmjs.org/file-entry-cache 53ms (cache miss)
317 silly packumentCache full:https://registry.npmjs.org/file-entry-cache set size:undefined disposed:false
318 silly fetch manifest minimatch@^10.2.4
319 silly packumentCache full:https://registry.npmjs.org/minimatch cache-miss
320 http fetch GET 200 https://registry.npmjs.org/find-up 44ms (cache miss)
321 silly packumentCache full:https://registry.npmjs.org/find-up set size:undefined disposed:false
322 silly fetch manifest natural-compare@^1.4.0
323 silly packumentCache full:https://registry.npmjs.org/natural-compare cache-miss
324 http cache https://registry.npmjs.org/minimatch 17ms (cache hit)
325 silly packumentCache full:https://registry.npmjs.org/minimatch set size:375282 disposed:false
326 silly fetch manifest optionator@^0.9.3
327 silly packumentCache full:https://registry.npmjs.org/optionator cache-miss
328 http fetch GET 200 https://registry.npmjs.org/ignore 55ms (cache miss)
329 silly packumentCache full:https://registry.npmjs.org/ignore set size:undefined disposed:false
330 silly fetch manifest zod@^3.25.0 || ^4.0.0
331 silly packumentCache full:https://registry.npmjs.org/zod cache-miss
332 http fetch GET 200 https://registry.npmjs.org/imurmurhash 53ms (cache miss)
333 silly packumentCache full:https://registry.npmjs.org/imurmurhash set size:undefined disposed:false
334 silly fetch manifest @babel/core@^7.24.4
335 silly packumentCache full:https://registry.npmjs.org/@babel%2fcore cache-miss
336 http fetch GET 200 https://registry.npmjs.org/json-stable-stringify-without-jsonify 43ms (cache miss)
337 silly packumentCache full:https://registry.npmjs.org/json-stable-stringify-without-jsonify set size:undefined disposed:false
338 silly fetch manifest @babel/parser@^7.24.4
339 silly packumentCache full:https://registry.npmjs.org/@babel%2fparser cache-miss
340 http cache https://registry.npmjs.org/@babel%2fcore 12ms (cache hit)
341 silly packumentCache full:https://registry.npmjs.org/@babel%2fcore set size:768033 disposed:false
342 silly fetch manifest hermes-parser@^0.25.1
343 silly packumentCache full:https://registry.npmjs.org/hermes-parser cache-miss
344 http fetch GET 200 https://registry.npmjs.org/natural-compare 46ms (cache miss)
345 silly packumentCache full:https://registry.npmjs.org/natural-compare set size:undefined disposed:false
346 silly fetch manifest zod-validation-error@^3.5.0 || ^4.0.0
347 silly packumentCache full:https://registry.npmjs.org/zod-validation-error cache-miss
348 http fetch GET 200 https://registry.npmjs.org/optionator 49ms (cache miss)
349 silly packumentCache full:https://registry.npmjs.org/optionator set size:undefined disposed:false
350 silly fetch manifest scheduler@^0.27.0
351 silly packumentCache full:https://registry.npmjs.org/scheduler cache-miss
352 http fetch GET 200 https://registry.npmjs.org/zod-validation-error 51ms (cache miss)
353 silly packumentCache full:https://registry.npmjs.org/zod-validation-error set size:undefined disposed:false
354 silly fetch manifest react-router@6.30.3
355 silly packumentCache full:https://registry.npmjs.org/react-router cache-miss
356 http fetch GET 200 https://registry.npmjs.org/eslint-visitor-keys 246ms (cache miss)
357 silly packumentCache full:https://registry.npmjs.org/eslint-visitor-keys set size:undefined disposed:false
358 silly fetch manifest @remix-run/router@1.23.2
359 silly packumentCache full:https://registry.npmjs.org/@remix-run%2frouter cache-miss
360 http fetch GET 200 https://registry.npmjs.org/@babel%2fparser 123ms (cache miss)
361 silly packumentCache full:https://registry.npmjs.org/@babel%2fparser set size:undefined disposed:false
362 http fetch GET 200 https://registry.npmjs.org/esquery 247ms (cache miss)
363 silly packumentCache full:https://registry.npmjs.org/esquery set size:undefined disposed:false
364 http fetch GET 200 https://registry.npmjs.org/zod 163ms (cache miss)
365 silly packumentCache full:https://registry.npmjs.org/zod set size:undefined disposed:false
366 http fetch GET 200 https://registry.npmjs.org/hermes-parser 241ms (cache miss)
367 silly packumentCache full:https://registry.npmjs.org/hermes-parser set size:undefined disposed:false
368 http fetch GET 200 https://registry.npmjs.org/react-router 208ms (cache miss)
369 silly packumentCache full:https://registry.npmjs.org/react-router set size:undefined disposed:false
370 http fetch GET 200 https://registry.npmjs.org/scheduler 255ms (cache miss)
371 silly packumentCache full:https://registry.npmjs.org/scheduler set size:undefined disposed:false
372 http fetch GET 200 https://registry.npmjs.org/@remix-run%2frouter 469ms (cache miss)
373 silly packumentCache full:https://registry.npmjs.org/@remix-run%2frouter set size:undefined disposed:false
374 silly placeDep ROOT csstype@3.2.3 OK for: @types/react@19.2.15 want: ^3.2.2
375 silly placeDep ROOT @rolldown/pluginutils@1.0.1 OK for: @vitejs/plugin-react@6.0.2 want: ^1.0.0
376 silly placeDep ROOT follow-redirects@1.16.0 OK for: axios@1.16.1 want: ^1.16.0
377 silly placeDep ROOT form-data@4.0.5 OK for: axios@1.16.1 want: ^4.0.5
378 silly placeDep ROOT https-proxy-agent@5.0.1 OK for: axios@1.16.1 want: ^5.0.1
379 silly placeDep ROOT proxy-from-env@2.1.0 OK for: axios@1.16.1 want: ^2.1.0
380 silly fetch manifest asynckit@^0.4.0
381 silly packumentCache full:https://registry.npmjs.org/asynckit cache-miss
382 silly fetch manifest combined-stream@^1.0.8
383 silly packumentCache full:https://registry.npmjs.org/combined-stream cache-miss
384 silly fetch manifest es-set-tostringtag@^2.1.0
385 silly packumentCache full:https://registry.npmjs.org/es-set-tostringtag cache-miss
386 silly fetch manifest hasown@^2.0.2
387 silly packumentCache full:https://registry.npmjs.org/hasown cache-miss
388 silly fetch manifest mime-types@^2.1.12
389 silly packumentCache full:https://registry.npmjs.org/mime-types cache-miss
390 silly fetch manifest debug@4
391 silly packumentCache full:https://registry.npmjs.org/debug cache-hit
392 silly fetch manifest agent-base@6
393 silly packumentCache full:https://registry.npmjs.org/agent-base cache-miss
394 http cache https://registry.npmjs.org/mime-types 6ms (cache hit)
395 silly packumentCache full:https://registry.npmjs.org/mime-types set size:139110 disposed:false
396 http cache https://registry.npmjs.org/hasown 8ms (cache hit)
397 silly packumentCache full:https://registry.npmjs.org/hasown set size:15429 disposed:false
398 http fetch GET 200 https://registry.npmjs.org/combined-stream 46ms (cache miss)
399 silly packumentCache full:https://registry.npmjs.org/combined-stream set size:undefined disposed:false
400 http fetch GET 200 https://registry.npmjs.org/es-set-tostringtag 47ms (cache miss)
401 silly packumentCache full:https://registry.npmjs.org/es-set-tostringtag set size:undefined disposed:false
402 http fetch GET 200 https://registry.npmjs.org/asynckit 53ms (cache miss)
403 silly packumentCache full:https://registry.npmjs.org/asynckit set size:undefined disposed:false
404 http fetch GET 200 https://registry.npmjs.org/agent-base 52ms (cache miss)
405 silly packumentCache full:https://registry.npmjs.org/agent-base set size:undefined disposed:false
406 silly fetch manifest eslint@^6.0.0 || ^7.0.0 || >=8.0.0
407 silly packumentCache full:https://registry.npmjs.org/eslint cache-miss
408 http cache https://registry.npmjs.org/eslint 19ms (cache hit)
409 silly packumentCache full:https://registry.npmjs.org/eslint set size:1997485 disposed:false
410 silly placeDep ROOT @eslint-community/eslint-utils@4.9.1 OK for: eslint@10.4.0 want: ^4.8.0
411 silly placeDep ROOT @eslint-community/regexpp@4.12.2 OK for: eslint@10.4.0 want: ^4.12.2
412 silly placeDep ROOT @eslint/config-array@0.23.5 OK for: eslint@10.4.0 want: ^0.23.5
413 silly placeDep ROOT @eslint/config-helpers@0.6.0 OK for: eslint@10.4.0 want: ^0.6.0
414 silly placeDep ROOT @eslint/core@1.2.1 OK for: eslint@10.4.0 want: ^1.2.1
415 silly placeDep ROOT @eslint/plugin-kit@0.7.1 OK for: eslint@10.4.0 want: ^0.7.1
416 silly placeDep ROOT @humanfs/node@0.16.8 OK for: eslint@10.4.0 want: ^0.16.6
417 silly placeDep ROOT @humanwhocodes/module-importer@1.0.1 OK for: eslint@10.4.0 want: ^1.0.1
418 silly placeDep ROOT @humanwhocodes/retry@0.4.3 OK for: eslint@10.4.0 want: ^0.4.2
419 silly placeDep ROOT @types/estree@1.0.9 OK for: eslint@10.4.0 want: ^1.0.6
420 silly placeDep ROOT ajv@6.15.0 OK for: eslint@10.4.0 want: ^6.14.0
421 silly placeDep ROOT cross-spawn@7.0.6 OK for: eslint@10.4.0 want: ^7.0.6
422 silly placeDep ROOT debug@4.4.3 OK for: eslint@10.4.0 want: ^4.3.2
423 silly placeDep ROOT escape-string-regexp@4.0.0 OK for: eslint@10.4.0 want: ^4.0.0
424 silly placeDep ROOT eslint-scope@9.1.2 OK for: eslint@10.4.0 want: ^9.1.2
425 silly placeDep ROOT eslint-visitor-keys@5.0.1 OK for: eslint@10.4.0 want: ^5.0.1
426 silly placeDep ROOT espree@11.2.0 OK for: eslint@10.4.0 want: ^11.2.0
427 silly placeDep ROOT esquery@1.7.0 OK for: eslint@10.4.0 want: ^1.7.0
428 silly placeDep ROOT esutils@2.0.3 OK for: eslint@10.4.0 want: ^2.0.2
429 silly placeDep ROOT fast-deep-equal@3.1.3 OK for: eslint@10.4.0 want: ^3.1.3
430 silly placeDep ROOT file-entry-cache@8.0.0 OK for: eslint@10.4.0 want: ^8.0.0
431 silly placeDep ROOT find-up@5.0.0 OK for: eslint@10.4.0 want: ^5.0.0
432 silly placeDep ROOT glob-parent@6.0.2 OK for: eslint@10.4.0 want: ^6.0.2
433 silly placeDep ROOT ignore@5.3.2 OK for: eslint@10.4.0 want: ^5.2.0
434 silly placeDep ROOT imurmurhash@0.1.4 OK for: eslint@10.4.0 want: ^0.1.4
435 silly placeDep ROOT is-glob@4.0.3 OK for: eslint@10.4.0 want: ^4.0.0
436 silly placeDep ROOT json-stable-stringify-without-jsonify@1.0.1 OK for: eslint@10.4.0 want: ^1.0.1
437 silly placeDep ROOT minimatch@10.2.5 OK for: eslint@10.4.0 want: ^10.2.4
438 silly placeDep ROOT natural-compare@1.4.0 OK for: eslint@10.4.0 want: ^1.4.0
439 silly placeDep ROOT optionator@0.9.4 OK for: eslint@10.4.0 want: ^0.9.3
440 silly fetch manifest eslint-visitor-keys@^3.4.3
441 silly packumentCache full:https://registry.npmjs.org/eslint-visitor-keys cache-miss
442 silly fetch manifest @eslint/object-schema@^3.0.5
443 silly packumentCache full:https://registry.npmjs.org/@eslint%2fobject-schema cache-miss
444 silly fetch manifest debug@^4.3.1
445 silly packumentCache full:https://registry.npmjs.org/debug cache-hit
446 silly fetch manifest @types/json-schema@^7.0.15
447 silly packumentCache full:https://registry.npmjs.org/@types%2fjson-schema cache-miss
448 silly fetch manifest levn@^0.4.1
449 silly packumentCache full:https://registry.npmjs.org/levn cache-miss
450 silly fetch manifest @humanwhocodes/retry@^0.4.0
451 silly packumentCache full:https://registry.npmjs.org/@humanwhocodes%2fretry cache-miss
452 silly fetch manifest @humanfs/core@^0.19.2
453 silly packumentCache full:https://registry.npmjs.org/@humanfs%2fcore cache-miss
454 silly fetch manifest @humanfs/types@^0.15.0
455 silly packumentCache full:https://registry.npmjs.org/@humanfs%2ftypes cache-miss
456 http cache https://registry.npmjs.org/@humanwhocodes%2fretry 21ms (cache hit)
457 silly packumentCache full:https://registry.npmjs.org/@humanwhocodes%2fretry set size:42348 disposed:false
458 silly fetch manifest uri-js@^4.2.2
459 silly packumentCache full:https://registry.npmjs.org/uri-js cache-miss
460 http cache https://registry.npmjs.org/eslint-visitor-keys 23ms (cache hit)
461 silly packumentCache full:https://registry.npmjs.org/eslint-visitor-keys set size:69949 disposed:false
462 silly fetch manifest fast-deep-equal@^3.1.1
463 silly packumentCache full:https://registry.npmjs.org/fast-deep-equal cache-miss
464 http cache https://registry.npmjs.org/fast-deep-equal 8ms (cache hit)
465 silly packumentCache full:https://registry.npmjs.org/fast-deep-equal set size:48634 disposed:false
466 silly fetch manifest json-schema-traverse@^0.4.1
467 silly packumentCache full:https://registry.npmjs.org/json-schema-traverse cache-miss
468 http fetch GET 200 https://registry.npmjs.org/levn 45ms (cache miss)
469 silly packumentCache full:https://registry.npmjs.org/levn set size:undefined disposed:false
470 silly fetch manifest fast-json-stable-stringify@^2.0.0
471 silly packumentCache full:https://registry.npmjs.org/fast-json-stable-stringify cache-miss
472 http fetch GET 200 https://registry.npmjs.org/@types%2fjson-schema 58ms (cache miss)
473 silly packumentCache full:https://registry.npmjs.org/@types%2fjson-schema set size:undefined disposed:false
474 silly fetch manifest which@^2.0.1
475 silly packumentCache full:https://registry.npmjs.org/which cache-miss
476 http fetch GET 200 https://registry.npmjs.org/@humanfs%2fcore 58ms (cache miss)
477 silly packumentCache full:https://registry.npmjs.org/@humanfs%2fcore set size:undefined disposed:false
478 silly fetch manifest path-key@^3.1.0
479 silly packumentCache full:https://registry.npmjs.org/path-key cache-miss
480 http fetch GET 200 https://registry.npmjs.org/uri-js 56ms (cache miss)
481 silly packumentCache full:https://registry.npmjs.org/uri-js set size:undefined disposed:false
482 silly fetch manifest shebang-command@^2.0.0
483 silly packumentCache full:https://registry.npmjs.org/shebang-command cache-miss
484 http fetch GET 200 https://registry.npmjs.org/json-schema-traverse 47ms (cache miss)
485 silly packumentCache full:https://registry.npmjs.org/json-schema-traverse set size:undefined disposed:false
486 silly fetch manifest ms@^2.1.3
487 silly packumentCache full:https://registry.npmjs.org/ms cache-miss
488 http cache https://registry.npmjs.org/ms 3ms (cache hit)
489 silly packumentCache full:https://registry.npmjs.org/ms set size:92208 disposed:false
490 silly fetch manifest @types/esrecurse@^4.3.1
491 silly packumentCache full:https://registry.npmjs.org/@types%2fesrecurse cache-miss
492 http fetch GET 200 https://registry.npmjs.org/fast-json-stable-stringify 52ms (cache miss)
493 silly packumentCache full:https://registry.npmjs.org/fast-json-stable-stringify set size:undefined disposed:false
494 silly fetch manifest esrecurse@^4.3.0
495 silly packumentCache full:https://registry.npmjs.org/esrecurse cache-miss
496 http fetch GET 200 https://registry.npmjs.org/path-key 53ms (cache miss)
497 silly packumentCache full:https://registry.npmjs.org/path-key set size:undefined disposed:false
498 silly fetch manifest estraverse@^5.2.0
499 silly packumentCache full:https://registry.npmjs.org/estraverse cache-miss
500 http fetch GET 200 https://registry.npmjs.org/which 55ms (cache miss)
501 silly packumentCache full:https://registry.npmjs.org/which set size:undefined disposed:false
502 silly fetch manifest acorn@^8.16.0
503 silly packumentCache full:https://registry.npmjs.org/acorn cache-miss
504 http fetch GET 200 https://registry.npmjs.org/shebang-command 47ms (cache miss)
505 silly packumentCache full:https://registry.npmjs.org/shebang-command set size:undefined disposed:false
506 silly fetch manifest acorn-jsx@^5.3.2
507 silly packumentCache full:https://registry.npmjs.org/acorn-jsx cache-miss
508 http fetch GET 200 https://registry.npmjs.org/esrecurse 47ms (cache miss)
509 silly packumentCache full:https://registry.npmjs.org/esrecurse set size:undefined disposed:false
510 silly fetch manifest estraverse@^5.1.0
511 silly packumentCache full:https://registry.npmjs.org/estraverse cache-miss
512 http fetch GET 200 https://registry.npmjs.org/estraverse 44ms (cache miss)
513 silly packumentCache full:https://registry.npmjs.org/estraverse set size:undefined disposed:false
514 silly fetch manifest flat-cache@^4.0.0
515 silly packumentCache full:https://registry.npmjs.org/flat-cache cache-miss
516 http fetch GET 200 https://registry.npmjs.org/acorn 57ms (cache miss)
517 silly packumentCache full:https://registry.npmjs.org/acorn set size:undefined disposed:false
518 silly fetch manifest locate-path@^6.0.0
519 silly packumentCache full:https://registry.npmjs.org/locate-path cache-miss
520 http fetch GET 200 https://registry.npmjs.org/acorn-jsx 53ms (cache miss)
521 silly packumentCache full:https://registry.npmjs.org/acorn-jsx set size:undefined disposed:false
522 silly fetch manifest path-exists@^4.0.0
523 silly packumentCache full:https://registry.npmjs.org/path-exists cache-miss
524 http fetch GET 200 https://registry.npmjs.org/estraverse 44ms (cache miss)
525 silly packumentCache full:https://registry.npmjs.org/estraverse set size:undefined disposed:false
526 silly fetch manifest is-glob@^4.0.3
527 silly packumentCache full:https://registry.npmjs.org/is-glob cache-hit
528 silly fetch manifest is-extglob@^2.1.1
529 silly packumentCache full:https://registry.npmjs.org/is-extglob cache-miss
530 http cache https://registry.npmjs.org/is-extglob 4ms (cache hit)
531 silly packumentCache full:https://registry.npmjs.org/is-extglob set size:11766 disposed:false
532 silly fetch manifest brace-expansion@^5.0.5
533 silly packumentCache full:https://registry.npmjs.org/brace-expansion cache-miss
534 http cache https://registry.npmjs.org/brace-expansion 6ms (cache hit)
535 silly packumentCache full:https://registry.npmjs.org/brace-expansion set size:70654 disposed:false
536 silly fetch manifest prelude-ls@^1.2.1
537 silly packumentCache full:https://registry.npmjs.org/prelude-ls cache-miss
538 http fetch GET 200 https://registry.npmjs.org/flat-cache 49ms (cache miss)
539 silly packumentCache full:https://registry.npmjs.org/flat-cache set size:undefined disposed:false
540 silly fetch manifest deep-is@^0.1.3
541 silly packumentCache full:https://registry.npmjs.org/deep-is cache-miss
542 http fetch GET 200 https://registry.npmjs.org/locate-path 59ms (cache miss)
543 silly packumentCache full:https://registry.npmjs.org/locate-path set size:undefined disposed:false
544 silly fetch manifest word-wrap@^1.2.5
545 silly packumentCache full:https://registry.npmjs.org/word-wrap cache-miss
546 http fetch GET 200 https://registry.npmjs.org/path-exists 56ms (cache miss)
547 silly packumentCache full:https://registry.npmjs.org/path-exists set size:undefined disposed:false
548 silly fetch manifest type-check@^0.4.0
549 silly packumentCache full:https://registry.npmjs.org/type-check cache-miss
550 http fetch GET 200 https://registry.npmjs.org/deep-is 44ms (cache miss)
551 silly packumentCache full:https://registry.npmjs.org/deep-is set size:undefined disposed:false
552 silly fetch manifest fast-levenshtein@^2.0.6
553 silly packumentCache full:https://registry.npmjs.org/fast-levenshtein cache-miss
554 http fetch GET 200 https://registry.npmjs.org/prelude-ls 52ms (cache miss)
555 silly packumentCache full:https://registry.npmjs.org/prelude-ls set size:undefined disposed:false
556 http fetch GET 200 https://registry.npmjs.org/word-wrap 49ms (cache miss)
557 silly packumentCache full:https://registry.npmjs.org/word-wrap set size:undefined disposed:false
558 http fetch GET 200 https://registry.npmjs.org/fast-levenshtein 48ms (cache miss)
559 silly packumentCache full:https://registry.npmjs.org/fast-levenshtein set size:undefined disposed:false
560 http fetch GET 200 https://registry.npmjs.org/@humanfs%2ftypes 447ms (cache miss)
561 silly packumentCache full:https://registry.npmjs.org/@humanfs%2ftypes set size:undefined disposed:false
562 http fetch GET 200 https://registry.npmjs.org/type-check 241ms (cache miss)
563 silly packumentCache full:https://registry.npmjs.org/type-check set size:undefined disposed:false
564 http fetch GET 200 https://registry.npmjs.org/@types%2fesrecurse 440ms (cache miss)
565 silly packumentCache full:https://registry.npmjs.org/@types%2fesrecurse set size:undefined disposed:false
566 http fetch GET 200 https://registry.npmjs.org/@eslint%2fobject-schema 660ms (cache miss)
567 silly packumentCache full:https://registry.npmjs.org/@eslint%2fobject-schema set size:undefined disposed:false
568 silly placeDep node_modules/@eslint-community/eslint-utils eslint-visitor-keys@3.4.3 OK for: @eslint-community/eslint-utils@4.9.1 want: ^3.4.3
569 silly placeDep ROOT @eslint/object-schema@3.0.5 OK for: @eslint/config-array@0.23.5 want: ^3.0.5
570 silly placeDep ROOT @types/json-schema@7.0.15 OK for: @eslint/core@1.2.1 want: ^7.0.15
571 silly placeDep ROOT levn@0.4.1 OK for: @eslint/plugin-kit@0.7.1 want: ^0.4.1
572 silly fetch manifest type-check@~0.4.0
573 silly packumentCache full:https://registry.npmjs.org/type-check cache-miss
574 http cache https://registry.npmjs.org/type-check 4ms (cache hit)
575 silly packumentCache full:https://registry.npmjs.org/type-check set size:21221 disposed:false
576 silly placeDep ROOT @humanfs/core@0.19.2 OK for: @humanfs/node@0.16.8 want: ^0.19.2
577 silly placeDep ROOT @humanfs/types@0.15.0 OK for: @humanfs/node@0.16.8 want: ^0.15.0
578 silly placeDep ROOT fast-json-stable-stringify@2.1.0 OK for: ajv@6.15.0 want: ^2.0.0
579 silly placeDep ROOT json-schema-traverse@0.4.1 OK for: ajv@6.15.0 want: ^0.4.1
580 silly placeDep ROOT uri-js@4.4.1 OK for: ajv@6.15.0 want: ^4.2.2
581 silly fetch manifest punycode@^2.1.0
582 silly packumentCache full:https://registry.npmjs.org/punycode cache-miss
583 http fetch GET 200 https://registry.npmjs.org/punycode 53ms (cache miss)
584 silly packumentCache full:https://registry.npmjs.org/punycode set size:undefined disposed:false
585 silly placeDep ROOT path-key@3.1.1 OK for: cross-spawn@7.0.6 want: ^3.1.0
586 silly placeDep ROOT shebang-command@2.0.0 OK for: cross-spawn@7.0.6 want: ^2.0.0
587 silly placeDep ROOT which@2.0.2 OK for: cross-spawn@7.0.6 want: ^2.0.1
588 silly fetch manifest shebang-regex@^3.0.0
589 silly packumentCache full:https://registry.npmjs.org/shebang-regex cache-miss
590 silly fetch manifest isexe@^2.0.0
591 silly packumentCache full:https://registry.npmjs.org/isexe cache-miss
592 http fetch GET 200 https://registry.npmjs.org/shebang-regex 49ms (cache miss)
593 silly packumentCache full:https://registry.npmjs.org/shebang-regex set size:undefined disposed:false
594 http fetch GET 200 https://registry.npmjs.org/isexe 49ms (cache miss)
595 silly packumentCache full:https://registry.npmjs.org/isexe set size:undefined disposed:false
596 silly placeDep ROOT ms@2.1.3 OK for: debug@4.4.3 want: ^2.1.3
597 silly placeDep ROOT @babel/core@7.29.0 OK for: eslint-plugin-react-hooks@7.1.1 want: ^7.24.4
598 silly placeDep ROOT @babel/parser@7.29.3 OK for: eslint-plugin-react-hooks@7.1.1 want: ^7.24.4
599 silly placeDep ROOT hermes-parser@0.25.1 OK for: eslint-plugin-react-hooks@7.1.1 want: ^0.25.1
600 silly placeDep ROOT zod@4.4.3 OK for: eslint-plugin-react-hooks@7.1.1 want: ^3.25.0 || ^4.0.0
601 silly placeDep ROOT zod-validation-error@4.0.2 OK for: eslint-plugin-react-hooks@7.1.1 want: ^3.5.0 || ^4.0.0
602 silly fetch manifest json5@^2.2.3
603 silly packumentCache full:https://registry.npmjs.org/json5 cache-miss
604 silly fetch manifest semver@^6.3.1
605 silly packumentCache full:https://registry.npmjs.org/semver cache-miss
606 silly fetch manifest gensync@^1.0.0-beta.2
607 silly packumentCache full:https://registry.npmjs.org/gensync cache-miss
608 silly fetch manifest @babel/types@^7.29.0
609 silly packumentCache full:https://registry.npmjs.org/@babel%2ftypes cache-miss
610 silly fetch manifest @babel/parser@^7.29.0
611 silly packumentCache full:https://registry.npmjs.org/@babel%2fparser cache-miss
612 silly fetch manifest @babel/helpers@^7.28.6
613 silly packumentCache full:https://registry.npmjs.org/@babel%2fhelpers cache-miss
614 silly fetch manifest @babel/template@^7.28.6
615 silly packumentCache full:https://registry.npmjs.org/@babel%2ftemplate cache-miss
616 http cache https://registry.npmjs.org/semver 6ms (cache hit)
617 silly packumentCache full:https://registry.npmjs.org/semver set size:235672 disposed:false
618 silly fetch manifest @babel/traverse@^7.29.0
619 silly packumentCache full:https://registry.npmjs.org/@babel%2ftraverse cache-miss
620 http cache https://registry.npmjs.org/@babel%2fparser 21ms (cache hit)
621 silly packumentCache full:https://registry.npmjs.org/@babel%2fparser set size:725652 disposed:false
622 silly fetch manifest @babel/generator@^7.29.0
623 silly packumentCache full:https://registry.npmjs.org/@babel%2fgenerator cache-miss
624 http fetch GET 200 https://registry.npmjs.org/gensync 49ms (cache miss)
625 silly packumentCache full:https://registry.npmjs.org/gensync set size:undefined disposed:false
626 silly fetch manifest @babel/code-frame@^7.29.0
627 silly packumentCache full:https://registry.npmjs.org/@babel%2fcode-frame cache-miss
628 http fetch GET 200 https://registry.npmjs.org/json5 51ms (cache miss)
629 silly packumentCache full:https://registry.npmjs.org/json5 set size:undefined disposed:false
630 silly fetch manifest convert-source-map@^2.0.0
631 silly packumentCache full:https://registry.npmjs.org/convert-source-map cache-miss
632 http fetch GET 200 https://registry.npmjs.org/@babel%2ftemplate 59ms (cache miss)
633 silly packumentCache full:https://registry.npmjs.org/@babel%2ftemplate set size:undefined disposed:false
634 silly fetch manifest @jridgewell/remapping@^2.3.5
635 silly packumentCache full:https://registry.npmjs.org/@jridgewell%2fremapping cache-miss
636 http fetch GET 200 https://registry.npmjs.org/@babel%2fhelpers 73ms (cache miss)
637 silly packumentCache full:https://registry.npmjs.org/@babel%2fhelpers set size:undefined disposed:false
638 silly fetch manifest @babel/helper-module-transforms@^7.28.6
639 silly packumentCache full:https://registry.npmjs.org/@babel%2fhelper-module-transforms cache-miss
640 http fetch GET 200 https://registry.npmjs.org/@babel%2ftraverse 74ms (cache miss)
641 silly packumentCache full:https://registry.npmjs.org/@babel%2ftraverse set size:undefined disposed:false
642 silly fetch manifest @babel/helper-compilation-targets@^7.28.6
643 silly packumentCache full:https://registry.npmjs.org/@babel%2fhelper-compilation-targets cache-miss
644 http fetch GET 200 https://registry.npmjs.org/@babel%2ftypes 98ms (cache miss)
645 silly packumentCache full:https://registry.npmjs.org/@babel%2ftypes set size:undefined disposed:false
646 silly fetch manifest hermes-estree@0.25.1
647 silly packumentCache full:https://registry.npmjs.org/hermes-estree cache-miss
648 http fetch GET 200 https://registry.npmjs.org/@babel%2fcode-frame 58ms (cache miss)
649 silly packumentCache full:https://registry.npmjs.org/@babel%2fcode-frame set size:undefined disposed:false
650 http fetch GET 200 https://registry.npmjs.org/@babel%2fgenerator 92ms (cache miss)
651 silly packumentCache full:https://registry.npmjs.org/@babel%2fgenerator set size:undefined disposed:false
652 http fetch GET 200 https://registry.npmjs.org/@jridgewell%2fremapping 60ms (cache miss)
653 silly packumentCache full:https://registry.npmjs.org/@jridgewell%2fremapping set size:undefined disposed:false
654 http fetch GET 200 https://registry.npmjs.org/@babel%2fhelper-module-transforms 65ms (cache miss)
655 silly packumentCache full:https://registry.npmjs.org/@babel%2fhelper-module-transforms set size:undefined disposed:false
656 http fetch GET 200 https://registry.npmjs.org/@babel%2fhelper-compilation-targets 59ms (cache miss)
657 silly packumentCache full:https://registry.npmjs.org/@babel%2fhelper-compilation-targets set size:undefined disposed:false
658 http fetch GET 200 https://registry.npmjs.org/hermes-estree 47ms (cache miss)
659 silly packumentCache full:https://registry.npmjs.org/hermes-estree set size:undefined disposed:false
660 http fetch GET 200 https://registry.npmjs.org/convert-source-map 251ms (cache miss)
661 silly packumentCache full:https://registry.npmjs.org/convert-source-map set size:undefined disposed:false
662 silly fetch manifest @babel/core@^7.0.0
663 silly packumentCache full:https://registry.npmjs.org/@babel%2fcore cache-hit
664 silly placeDep ROOT @babel/code-frame@7.29.0 OK for: @babel/core@7.29.0 want: ^7.29.0
665 silly placeDep ROOT @babel/generator@7.29.1 OK for: @babel/core@7.29.0 want: ^7.29.0
666 silly placeDep ROOT @babel/helper-compilation-targets@7.28.6 OK for: @babel/core@7.29.0 want: ^7.28.6
667 silly placeDep ROOT @babel/helper-module-transforms@7.28.6 OK for: @babel/core@7.29.0 want: ^7.28.6
668 silly placeDep ROOT @babel/helpers@7.29.2 OK for: @babel/core@7.29.0 want: ^7.28.6
669 silly placeDep ROOT @babel/template@7.28.6 OK for: @babel/core@7.29.0 want: ^7.28.6
670 silly placeDep ROOT @babel/traverse@7.29.0 OK for: @babel/core@7.29.0 want: ^7.29.0
671 silly placeDep ROOT @babel/types@7.29.0 OK for: @babel/core@7.29.0 want: ^7.29.0
672 silly placeDep ROOT @jridgewell/remapping@2.3.5 OK for: @babel/core@7.29.0 want: ^2.3.5
673 silly placeDep ROOT convert-source-map@2.0.0 OK for: @babel/core@7.29.0 want: ^2.0.0
674 silly placeDep ROOT gensync@1.0.0-beta.2 OK for: @babel/core@7.29.0 want: ^1.0.0-beta.2
675 silly placeDep ROOT json5@2.2.3 OK for: @babel/core@7.29.0 want: ^2.2.3
676 silly placeDep ROOT semver@6.3.1 OK for: @babel/core@7.29.0 want: ^6.3.1
677 silly fetch manifest js-tokens@^4.0.0
678 silly packumentCache full:https://registry.npmjs.org/js-tokens cache-miss
679 silly fetch manifest picocolors@^1.1.1
680 silly packumentCache full:https://registry.npmjs.org/picocolors cache-miss
681 silly fetch manifest @babel/helper-validator-identifier@^7.28.5
682 silly packumentCache full:https://registry.npmjs.org/@babel%2fhelper-validator-identifier cache-miss
683 silly fetch manifest jsesc@^3.0.2
684 silly packumentCache full:https://registry.npmjs.org/jsesc cache-miss
685 silly fetch manifest @jridgewell/gen-mapping@^0.3.12
686 silly packumentCache full:https://registry.npmjs.org/@jridgewell%2fgen-mapping cache-miss
687 silly fetch manifest @jridgewell/trace-mapping@^0.3.28
688 silly packumentCache full:https://registry.npmjs.org/@jridgewell%2ftrace-mapping cache-miss
689 silly fetch manifest lru-cache@^5.1.1
690 silly packumentCache full:https://registry.npmjs.org/lru-cache cache-miss
691 http fetch GET 200 https://registry.npmjs.org/js-tokens 47ms (cache miss)
692 silly packumentCache full:https://registry.npmjs.org/js-tokens set size:undefined disposed:false
693 silly fetch manifest browserslist@^4.24.0
694 silly packumentCache full:https://registry.npmjs.org/browserslist cache-miss
695 http fetch GET 200 https://registry.npmjs.org/picocolors 53ms (cache miss)
696 silly packumentCache full:https://registry.npmjs.org/picocolors set size:undefined disposed:false
697 silly fetch manifest @babel/compat-data@^7.28.6
698 silly packumentCache full:https://registry.npmjs.org/@babel%2fcompat-data cache-miss
699 http fetch GET 200 https://registry.npmjs.org/jsesc 60ms (cache miss)
700 silly packumentCache full:https://registry.npmjs.org/jsesc set size:undefined disposed:false
701 silly fetch manifest @babel/helper-validator-option@^7.27.1
702 silly packumentCache full:https://registry.npmjs.org/@babel%2fhelper-validator-option cache-miss
703 http fetch GET 200 https://registry.npmjs.org/@babel%2fhelper-validator-identifier 66ms (cache miss)
704 silly packumentCache full:https://registry.npmjs.org/@babel%2fhelper-validator-identifier set size:undefined disposed:false
705 silly fetch manifest @babel/traverse@^7.28.6
706 silly packumentCache full:https://registry.npmjs.org/@babel%2ftraverse cache-miss
707 http fetch GET 200 https://registry.npmjs.org/@jridgewell%2fgen-mapping 67ms (cache miss)
708 silly packumentCache full:https://registry.npmjs.org/@jridgewell%2fgen-mapping set size:undefined disposed:false
709 silly fetch manifest @babel/helper-module-imports@^7.28.6
710 silly packumentCache full:https://registry.npmjs.org/@babel%2fhelper-module-imports cache-miss
711 http fetch GET 200 https://registry.npmjs.org/lru-cache 68ms (cache miss)
712 silly packumentCache full:https://registry.npmjs.org/lru-cache set size:undefined disposed:false
713 silly fetch manifest @babel/types@^7.28.6
714 silly packumentCache full:https://registry.npmjs.org/@babel%2ftypes cache-miss
715 http fetch GET 200 https://registry.npmjs.org/@jridgewell%2ftrace-mapping 74ms (cache miss)
716 silly packumentCache full:https://registry.npmjs.org/@jridgewell%2ftrace-mapping set size:undefined disposed:false
717 silly fetch manifest @babel/helper-globals@^7.28.0
718 silly packumentCache full:https://registry.npmjs.org/@babel%2fhelper-globals cache-miss
719 http cache https://registry.npmjs.org/@babel%2ftraverse 20ms (cache hit)
720 silly packumentCache full:https://registry.npmjs.org/@babel%2ftraverse set size:553169 disposed:false
721 silly fetch manifest @babel/helper-string-parser@^7.27.1
722 silly packumentCache full:https://registry.npmjs.org/@babel%2fhelper-string-parser cache-miss
723 http cache https://registry.npmjs.org/@babel%2ftypes 18ms (cache hit)
724 silly packumentCache full:https://registry.npmjs.org/@babel%2ftypes set size:491978 disposed:false
725 silly fetch manifest @jridgewell/gen-mapping@^0.3.5
726 silly packumentCache full:https://registry.npmjs.org/@jridgewell%2fgen-mapping cache-miss
727 http cache https://registry.npmjs.org/@jridgewell%2fgen-mapping 5ms (cache hit)
728 silly packumentCache full:https://registry.npmjs.org/@jridgewell%2fgen-mapping set size:75941 disposed:false
729 silly fetch manifest @jridgewell/trace-mapping@^0.3.24
730 silly packumentCache full:https://registry.npmjs.org/@jridgewell%2ftrace-mapping cache-miss
731 http cache https://registry.npmjs.org/@jridgewell%2ftrace-mapping 8ms (cache hit)
732 silly packumentCache full:https://registry.npmjs.org/@jridgewell%2ftrace-mapping set size:170909 disposed:false
733 http fetch GET 200 https://registry.npmjs.org/browserslist 62ms (cache miss)
734 silly packumentCache full:https://registry.npmjs.org/browserslist set size:undefined disposed:false
735 http fetch GET 200 https://registry.npmjs.org/@babel%2fhelper-validator-option 61ms (cache miss)
736 silly packumentCache full:https://registry.npmjs.org/@babel%2fhelper-validator-option set size:undefined disposed:false
737 http fetch GET 200 https://registry.npmjs.org/@babel%2fcompat-data 79ms (cache miss)
738 silly packumentCache full:https://registry.npmjs.org/@babel%2fcompat-data set size:undefined disposed:false
739 http fetch GET 200 https://registry.npmjs.org/@babel%2fhelper-string-parser 53ms (cache miss)
740 silly packumentCache full:https://registry.npmjs.org/@babel%2fhelper-string-parser set size:undefined disposed:false
741 http fetch GET 200 https://registry.npmjs.org/@babel%2fhelper-globals 252ms (cache miss)
742 silly packumentCache full:https://registry.npmjs.org/@babel%2fhelper-globals set size:undefined disposed:false
743 http fetch GET 200 https://registry.npmjs.org/@babel%2fhelper-module-imports 684ms (cache miss)
744 silly packumentCache full:https://registry.npmjs.org/@babel%2fhelper-module-imports set size:undefined disposed:false
745 silly placeDep ROOT @babel/helper-validator-identifier@7.28.5 OK for: @babel/code-frame@7.29.0 want: ^7.28.5
746 silly placeDep ROOT js-tokens@4.0.0 OK for: @babel/code-frame@7.29.0 want: ^4.0.0
747 silly placeDep ROOT picocolors@1.1.1 OK for: @babel/code-frame@7.29.0 want: ^1.1.1
748 silly placeDep ROOT @jridgewell/gen-mapping@0.3.13 OK for: @babel/generator@7.29.1 want: ^0.3.12
749 silly placeDep ROOT @jridgewell/trace-mapping@0.3.31 OK for: @babel/generator@7.29.1 want: ^0.3.28
750 silly placeDep ROOT jsesc@3.1.0 OK for: @babel/generator@7.29.1 want: ^3.0.2
751 silly fetch manifest @jridgewell/sourcemap-codec@^1.5.0
752 silly packumentCache full:https://registry.npmjs.org/@jridgewell%2fsourcemap-codec cache-miss
753 silly fetch manifest @jridgewell/resolve-uri@^3.1.0
754 silly packumentCache full:https://registry.npmjs.org/@jridgewell%2fresolve-uri cache-miss
755 silly fetch manifest @jridgewell/sourcemap-codec@^1.4.14
756 silly packumentCache full:https://registry.npmjs.org/@jridgewell%2fsourcemap-codec cache-miss
757 http fetch GET 200 https://registry.npmjs.org/@jridgewell%2fresolve-uri 60ms (cache miss)
758 silly packumentCache full:https://registry.npmjs.org/@jridgewell%2fresolve-uri set size:undefined disposed:false
759 http fetch GET 200 https://registry.npmjs.org/@jridgewell%2fsourcemap-codec 392ms (cache miss)
760 silly packumentCache full:https://registry.npmjs.org/@jridgewell%2fsourcemap-codec set size:undefined disposed:false
761 http fetch GET 200 https://registry.npmjs.org/@jridgewell%2fsourcemap-codec 394ms (cache miss)
762 silly packumentCache full:https://registry.npmjs.org/@jridgewell%2fsourcemap-codec set size:undefined disposed:false
763 silly placeDep ROOT @babel/compat-data@7.29.3 OK for: @babel/helper-compilation-targets@7.28.6 want: ^7.28.6
764 silly placeDep ROOT @babel/helper-validator-option@7.27.1 OK for: @babel/helper-compilation-targets@7.28.6 want: ^7.27.1
765 silly placeDep ROOT browserslist@4.28.2 OK for: @babel/helper-compilation-targets@7.28.6 want: ^4.24.0
766 silly placeDep ROOT lru-cache@5.1.1 OK for: @babel/helper-compilation-targets@7.28.6 want: ^5.1.1
767 silly fetch manifest baseline-browser-mapping@^2.10.12
768 silly packumentCache full:https://registry.npmjs.org/baseline-browser-mapping cache-miss
769 silly fetch manifest caniuse-lite@^1.0.30001782
770 silly packumentCache full:https://registry.npmjs.org/caniuse-lite cache-miss
771 silly fetch manifest electron-to-chromium@^1.5.328
772 silly packumentCache full:https://registry.npmjs.org/electron-to-chromium cache-miss
773 silly fetch manifest node-releases@^2.0.36
774 silly packumentCache full:https://registry.npmjs.org/node-releases cache-miss
775 silly fetch manifest update-browserslist-db@^1.2.3
776 silly packumentCache full:https://registry.npmjs.org/update-browserslist-db cache-miss
777 silly fetch manifest yallist@^3.0.2
778 silly packumentCache full:https://registry.npmjs.org/yallist cache-miss
779 http fetch GET 200 https://registry.npmjs.org/update-browserslist-db 54ms (cache miss)
780 silly packumentCache full:https://registry.npmjs.org/update-browserslist-db set size:undefined disposed:false
781 http fetch GET 200 https://registry.npmjs.org/yallist 54ms (cache miss)
782 silly packumentCache full:https://registry.npmjs.org/yallist set size:undefined disposed:false
783 http fetch GET 200 https://registry.npmjs.org/node-releases 62ms (cache miss)
784 silly packumentCache full:https://registry.npmjs.org/node-releases set size:undefined disposed:false
785 http fetch GET 200 https://registry.npmjs.org/baseline-browser-mapping 75ms (cache miss)
786 silly packumentCache full:https://registry.npmjs.org/baseline-browser-mapping set size:undefined disposed:false
787 http fetch GET 200 https://registry.npmjs.org/caniuse-lite 140ms (cache miss)
788 silly packumentCache full:https://registry.npmjs.org/caniuse-lite set size:undefined disposed:false
789 http fetch GET 200 https://registry.npmjs.org/electron-to-chromium 736ms (cache miss)
790 silly packumentCache full:https://registry.npmjs.org/electron-to-chromium set size:undefined disposed:false
791 silly placeDep ROOT @babel/helper-module-imports@7.28.6 OK for: @babel/helper-module-transforms@7.28.6 want: ^7.28.6
792 silly placeDep ROOT @babel/helper-globals@7.28.0 OK for: @babel/traverse@7.29.0 want: ^7.28.0
793 silly placeDep ROOT @babel/helper-string-parser@7.27.1 OK for: @babel/types@7.29.0 want: ^7.27.1
794 silly placeDep ROOT @jridgewell/sourcemap-codec@1.5.5 OK for: @jridgewell/gen-mapping@0.3.13 want: ^1.5.0
795 silly placeDep ROOT @jridgewell/resolve-uri@3.1.2 OK for: @jridgewell/trace-mapping@0.3.31 want: ^3.1.0
796 silly fetch manifest browserslist@>= 4.21.0
797 silly packumentCache full:https://registry.npmjs.org/browserslist cache-miss
798 http cache https://registry.npmjs.org/browserslist 16ms (cache hit)
799 silly packumentCache full:https://registry.npmjs.org/browserslist set size:504681 disposed:false
800 silly placeDep ROOT baseline-browser-mapping@2.10.32 OK for: browserslist@4.28.2 want: ^2.10.12
801 silly placeDep ROOT caniuse-lite@1.0.30001793 OK for: browserslist@4.28.2 want: ^1.0.30001782
802 silly placeDep ROOT electron-to-chromium@1.5.361 OK for: browserslist@4.28.2 want: ^1.5.328
803 silly placeDep ROOT node-releases@2.0.46 OK for: browserslist@4.28.2 want: ^2.0.36
804 silly placeDep ROOT update-browserslist-db@1.2.3 OK for: browserslist@4.28.2 want: ^1.2.3
805 silly fetch manifest escalade@^3.2.0
806 silly packumentCache full:https://registry.npmjs.org/escalade cache-miss
807 http fetch GET 200 https://registry.npmjs.org/escalade 47ms (cache miss)
808 silly packumentCache full:https://registry.npmjs.org/escalade set size:undefined disposed:false
809 silly placeDep ROOT @types/esrecurse@4.3.1 OK for: eslint-scope@9.1.2 want: ^4.3.1
810 silly placeDep ROOT esrecurse@4.3.0 OK for: eslint-scope@9.1.2 want: ^4.3.0
811 silly placeDep ROOT estraverse@5.3.0 OK for: eslint-scope@9.1.2 want: ^5.2.0
812 silly placeDep ROOT acorn@8.16.0 OK for: espree@11.2.0 want: ^8.16.0
813 silly placeDep ROOT acorn-jsx@5.3.2 OK for: espree@11.2.0 want: ^5.3.2
814 silly placeDep ROOT flat-cache@4.0.1 OK for: file-entry-cache@8.0.0 want: ^4.0.0
815 silly fetch manifest keyv@^4.5.4
816 silly packumentCache full:https://registry.npmjs.org/keyv cache-miss
817 silly fetch manifest flatted@^3.2.9
818 silly packumentCache full:https://registry.npmjs.org/flatted cache-miss
819 http fetch GET 200 https://registry.npmjs.org/keyv 51ms (cache miss)
820 silly packumentCache full:https://registry.npmjs.org/keyv set size:undefined disposed:false
821 http fetch GET 200 https://registry.npmjs.org/flatted 54ms (cache miss)
822 silly packumentCache full:https://registry.npmjs.org/flatted set size:undefined disposed:false
823 silly placeDep ROOT locate-path@6.0.0 OK for: find-up@5.0.0 want: ^6.0.0
824 silly placeDep ROOT path-exists@4.0.0 OK for: find-up@5.0.0 want: ^4.0.0
825 silly fetch manifest p-locate@^5.0.0
826 silly packumentCache full:https://registry.npmjs.org/p-locate cache-miss
827 http fetch GET 200 https://registry.npmjs.org/p-locate 47ms (cache miss)
828 silly packumentCache full:https://registry.npmjs.org/p-locate set size:undefined disposed:false
829 silly placeDep ROOT flatted@3.4.2 OK for: flat-cache@4.0.1 want: ^3.2.9
830 silly placeDep ROOT keyv@4.5.4 OK for: flat-cache@4.0.1 want: ^4.5.4
831 silly fetch manifest json-buffer@3.0.1
832 silly packumentCache full:https://registry.npmjs.org/json-buffer cache-miss
833 http fetch GET 200 https://registry.npmjs.org/json-buffer 53ms (cache miss)
834 silly packumentCache full:https://registry.npmjs.org/json-buffer set size:undefined disposed:false
835 silly placeDep ROOT asynckit@0.4.0 OK for: form-data@4.0.5 want: ^0.4.0
836 silly placeDep ROOT combined-stream@1.0.8 OK for: form-data@4.0.5 want: ^1.0.8
837 silly placeDep ROOT es-set-tostringtag@2.1.0 OK for: form-data@4.0.5 want: ^2.1.0
838 silly placeDep ROOT hasown@2.0.3 OK for: form-data@4.0.5 want: ^2.0.2
839 silly placeDep ROOT mime-types@2.1.35 OK for: form-data@4.0.5 want: ^2.1.12
840 silly fetch manifest delayed-stream@~1.0.0
841 silly packumentCache full:https://registry.npmjs.org/delayed-stream cache-miss
842 silly fetch manifest es-errors@^1.3.0
843 silly packumentCache full:https://registry.npmjs.org/es-errors cache-miss
844 silly fetch manifest get-intrinsic@^1.2.6
845 silly packumentCache full:https://registry.npmjs.org/get-intrinsic cache-miss
846 silly fetch manifest has-tostringtag@^1.0.2
847 silly packumentCache full:https://registry.npmjs.org/has-tostringtag cache-miss
848 silly fetch manifest function-bind@^1.1.2
849 silly packumentCache full:https://registry.npmjs.org/function-bind cache-miss
850 silly fetch manifest mime-db@1.52.0
851 silly packumentCache full:https://registry.npmjs.org/mime-db cache-miss
852 http cache https://registry.npmjs.org/get-intrinsic 5ms (cache hit)
853 silly packumentCache full:https://registry.npmjs.org/get-intrinsic set size:60985 disposed:false
854 http cache https://registry.npmjs.org/function-bind 8ms (cache hit)
855 silly packumentCache full:https://registry.npmjs.org/function-bind set size:15733 disposed:false
856 http cache https://registry.npmjs.org/es-errors 9ms (cache hit)
857 silly packumentCache full:https://registry.npmjs.org/es-errors set size:16918 disposed:false
858 http cache https://registry.npmjs.org/mime-db 19ms (cache hit)
859 silly packumentCache full:https://registry.npmjs.org/mime-db set size:164953 disposed:false
860 http fetch GET 200 https://registry.npmjs.org/delayed-stream 46ms (cache miss)
861 silly packumentCache full:https://registry.npmjs.org/delayed-stream set size:undefined disposed:false
862 http fetch GET 200 https://registry.npmjs.org/has-tostringtag 47ms (cache miss)
863 silly packumentCache full:https://registry.npmjs.org/has-tostringtag set size:undefined disposed:false
864 silly placeDep ROOT delayed-stream@1.0.0 OK for: combined-stream@1.0.8 want: ~1.0.0
865 silly placeDep ROOT es-errors@1.3.0 OK for: es-set-tostringtag@2.1.0 want: ^1.3.0
866 silly placeDep ROOT get-intrinsic@1.3.0 OK for: es-set-tostringtag@2.1.0 want: ^1.2.6
867 silly placeDep ROOT has-tostringtag@1.0.2 OK for: es-set-tostringtag@2.1.0 want: ^1.0.2
868 silly fetch manifest gopd@^1.2.0
869 silly packumentCache full:https://registry.npmjs.org/gopd cache-miss
870 silly fetch manifest get-proto@^1.0.1
871 silly packumentCache full:https://registry.npmjs.org/get-proto cache-miss
872 silly fetch manifest has-symbols@^1.1.0
873 silly packumentCache full:https://registry.npmjs.org/has-symbols cache-miss
874 silly fetch manifest es-object-atoms@^1.1.1
875 silly packumentCache full:https://registry.npmjs.org/es-object-atoms cache-miss
876 silly fetch manifest math-intrinsics@^1.1.0
877 silly packumentCache full:https://registry.npmjs.org/math-intrinsics cache-miss
878 silly fetch manifest es-define-property@^1.0.1
879 silly packumentCache full:https://registry.npmjs.org/es-define-property cache-miss
880 silly fetch manifest call-bind-apply-helpers@^1.0.2
881 silly packumentCache full:https://registry.npmjs.org/call-bind-apply-helpers cache-miss
882 http cache https://registry.npmjs.org/gopd 10ms (cache hit)
883 silly packumentCache full:https://registry.npmjs.org/gopd set size:11458 disposed:false
884 silly fetch manifest has-symbols@^1.0.3
885 silly packumentCache full:https://registry.npmjs.org/has-symbols cache-miss
886 http cache https://registry.npmjs.org/math-intrinsics 11ms (cache hit)
887 silly packumentCache full:https://registry.npmjs.org/math-intrinsics set size:9265 disposed:false
888 http cache https://registry.npmjs.org/es-object-atoms 11ms (cache hit)
889 silly packumentCache full:https://registry.npmjs.org/es-object-atoms set size:18278 disposed:false
890 http cache https://registry.npmjs.org/has-symbols 12ms (cache hit)
891 silly packumentCache full:https://registry.npmjs.org/has-symbols set size:21550 disposed:false
892 http cache https://registry.npmjs.org/has-symbols 2ms (cache hit)
893 silly packumentCache full:https://registry.npmjs.org/has-symbols set size:21550 disposed:false
894 silly packumentCache full:https://registry.npmjs.org/has-symbols dispose
895 http cache https://registry.npmjs.org/call-bind-apply-helpers 12ms (cache hit)
896 silly packumentCache full:https://registry.npmjs.org/call-bind-apply-helpers set size:12744 disposed:false
897 http cache https://registry.npmjs.org/get-proto 15ms (cache hit)
898 silly packumentCache full:https://registry.npmjs.org/get-proto set size:8300 disposed:false
899 http cache https://registry.npmjs.org/es-define-property 19ms (cache hit)
900 silly packumentCache full:https://registry.npmjs.org/es-define-property set size:8542 disposed:false
901 silly placeDep ROOT call-bind-apply-helpers@1.0.2 OK for: get-intrinsic@1.3.0 want: ^1.0.2
902 silly placeDep ROOT es-define-property@1.0.1 OK for: get-intrinsic@1.3.0 want: ^1.0.1
903 silly placeDep ROOT es-object-atoms@1.1.2 OK for: get-intrinsic@1.3.0 want: ^1.1.1
904 silly placeDep ROOT function-bind@1.1.2 OK for: get-intrinsic@1.3.0 want: ^1.1.2
905 silly placeDep ROOT get-proto@1.0.1 OK for: get-intrinsic@1.3.0 want: ^1.0.1
906 silly placeDep ROOT gopd@1.2.0 OK for: get-intrinsic@1.3.0 want: ^1.2.0
907 silly placeDep ROOT has-symbols@1.1.0 OK for: get-intrinsic@1.3.0 want: ^1.1.0
908 silly placeDep ROOT math-intrinsics@1.1.0 OK for: get-intrinsic@1.3.0 want: ^1.1.0
909 silly fetch manifest dunder-proto@^1.0.1
910 silly packumentCache full:https://registry.npmjs.org/dunder-proto cache-miss
911 http cache https://registry.npmjs.org/dunder-proto 4ms (cache hit)
912 silly packumentCache full:https://registry.npmjs.org/dunder-proto set size:8256 disposed:false
913 silly placeDep ROOT dunder-proto@1.0.1 OK for: get-proto@1.0.1 want: ^1.0.1
914 silly placeDep ROOT hermes-estree@0.25.1 OK for: hermes-parser@0.25.1 want: 0.25.1
915 silly placeDep ROOT agent-base@6.0.2 OK for: https-proxy-agent@5.0.1 want: 6
916 silly placeDep ROOT is-extglob@2.1.1 OK for: is-glob@4.0.3 want: ^2.1.1
917 silly placeDep ROOT json-buffer@3.0.1 OK for: keyv@4.5.4 want: 3.0.1
918 silly placeDep ROOT prelude-ls@1.2.1 OK for: levn@0.4.1 want: ^1.2.1
919 silly placeDep ROOT type-check@0.4.0 OK for: levn@0.4.1 want: ~0.4.0
920 silly placeDep ROOT p-locate@5.0.0 OK for: locate-path@6.0.0 want: ^5.0.0
921 silly fetch manifest p-limit@^3.0.2
922 silly packumentCache full:https://registry.npmjs.org/p-limit cache-miss
923 http fetch GET 200 https://registry.npmjs.org/p-limit 47ms (cache miss)
924 silly packumentCache full:https://registry.npmjs.org/p-limit set size:undefined disposed:false
925 silly placeDep ROOT yallist@3.1.1 OK for: lru-cache@5.1.1 want: ^3.0.2
926 silly placeDep ROOT mime-db@1.52.0 OK for: mime-types@2.1.35 want: 1.52.0
927 silly placeDep ROOT brace-expansion@5.0.6 OK for: minimatch@10.2.5 want: ^5.0.5
928 silly fetch manifest balanced-match@^4.0.2
929 silly packumentCache full:https://registry.npmjs.org/balanced-match cache-miss
930 http cache https://registry.npmjs.org/balanced-match 5ms (cache hit)
931 silly packumentCache full:https://registry.npmjs.org/balanced-match set size:39082 disposed:false
932 silly placeDep ROOT balanced-match@4.0.4 OK for: brace-expansion@5.0.6 want: ^4.0.2
933 silly placeDep ROOT deep-is@0.1.4 OK for: optionator@0.9.4 want: ^0.1.3
934 silly placeDep ROOT fast-levenshtein@2.0.6 OK for: optionator@0.9.4 want: ^2.0.6
935 silly placeDep ROOT word-wrap@1.2.5 OK for: optionator@0.9.4 want: ^1.2.5
936 silly placeDep ROOT p-limit@3.1.0 OK for: p-locate@5.0.0 want: ^3.0.2
937 silly fetch manifest yocto-queue@^0.1.0
938 silly packumentCache full:https://registry.npmjs.org/yocto-queue cache-miss
939 http fetch GET 200 https://registry.npmjs.org/yocto-queue 249ms (cache miss)
940 silly packumentCache full:https://registry.npmjs.org/yocto-queue set size:undefined disposed:false
941 silly placeDep ROOT yocto-queue@0.1.0 OK for: p-limit@3.1.0 want: ^0.1.0
942 silly placeDep ROOT scheduler@0.27.0 OK for: react-dom@19.2.6 want: ^0.27.0
943 silly fetch manifest react@>=16.8
944 silly packumentCache full:https://registry.npmjs.org/react cache-miss
945 http cache https://registry.npmjs.org/react 33ms (cache hit)
946 silly packumentCache full:https://registry.npmjs.org/react set size:6650647 disposed:false
947 silly placeDep ROOT @remix-run/router@1.23.2 OK for: react-router-dom@6.30.3 want: 1.23.2
948 silly placeDep ROOT react-router@6.30.3 OK for: react-router-dom@6.30.3 want: 6.30.3
949 silly placeDep ROOT shebang-regex@3.0.0 OK for: shebang-command@2.0.0 want: ^3.0.0
950 silly placeDep ROOT escalade@3.2.0 OK for: update-browserslist-db@1.2.3 want: ^3.2.0
951 silly placeDep ROOT punycode@2.3.1 OK for: uri-js@4.4.1 want: ^2.1.0
952 silly placeDep ROOT fsevents@2.3.3 OK for: vite@8.0.14 want: ~2.3.3
953 silly placeDep ROOT lightningcss@1.32.0 OK for: vite@8.0.14 want: ^1.32.0
954 silly placeDep ROOT picomatch@4.0.4 OK for: vite@8.0.14 want: ^4.0.4
955 silly placeDep ROOT postcss@8.5.15 OK for: vite@8.0.14 want: ^8.5.15
956 silly placeDep ROOT rolldown@1.0.2 OK for: vite@8.0.14 want: 1.0.2
957 silly placeDep ROOT tinyglobby@0.2.16 OK for: vite@8.0.14 want: ^0.2.16
958 silly fetch manifest detect-libc@^2.0.3
959 silly packumentCache full:https://registry.npmjs.org/detect-libc cache-miss
960 silly fetch manifest lightningcss-darwin-x64@1.32.0
961 silly packumentCache full:https://registry.npmjs.org/lightningcss-darwin-x64 cache-miss
962 silly fetch manifest lightningcss-linux-x64-gnu@1.32.0
963 silly packumentCache full:https://registry.npmjs.org/lightningcss-linux-x64-gnu cache-miss
964 silly fetch manifest lightningcss-win32-x64-msvc@1.32.0
965 silly packumentCache full:https://registry.npmjs.org/lightningcss-win32-x64-msvc cache-miss
966 silly fetch manifest lightningcss-win32-arm64-msvc@1.32.0
967 silly packumentCache full:https://registry.npmjs.org/lightningcss-win32-arm64-msvc cache-miss
968 silly fetch manifest lightningcss-darwin-arm64@1.32.0
969 silly packumentCache full:https://registry.npmjs.org/lightningcss-darwin-arm64 cache-miss
970 silly fetch manifest lightningcss-linux-arm64-gnu@1.32.0
971 silly packumentCache full:https://registry.npmjs.org/lightningcss-linux-arm64-gnu cache-miss
972 http fetch GET 200 https://registry.npmjs.org/lightningcss-darwin-arm64 46ms (cache miss)
973 silly packumentCache full:https://registry.npmjs.org/lightningcss-darwin-arm64 set size:undefined disposed:false
974 silly fetch manifest lightningcss-linux-arm-gnueabihf@1.32.0
975 silly packumentCache full:https://registry.npmjs.org/lightningcss-linux-arm-gnueabihf cache-miss
976 http fetch GET 200 https://registry.npmjs.org/lightningcss-win32-arm64-msvc 51ms (cache miss)
977 silly packumentCache full:https://registry.npmjs.org/lightningcss-win32-arm64-msvc set size:undefined disposed:false
978 silly fetch manifest lightningcss-linux-arm64-musl@1.32.0
979 silly packumentCache full:https://registry.npmjs.org/lightningcss-linux-arm64-musl cache-miss
980 http fetch GET 200 https://registry.npmjs.org/lightningcss-win32-x64-msvc 51ms (cache miss)
981 silly packumentCache full:https://registry.npmjs.org/lightningcss-win32-x64-msvc set size:undefined disposed:false
982 silly fetch manifest lightningcss-linux-x64-musl@1.32.0
983 silly packumentCache full:https://registry.npmjs.org/lightningcss-linux-x64-musl cache-miss
984 http fetch GET 200 https://registry.npmjs.org/detect-libc 52ms (cache miss)
985 silly packumentCache full:https://registry.npmjs.org/detect-libc set size:undefined disposed:false
986 silly fetch manifest lightningcss-freebsd-x64@1.32.0
987 silly packumentCache full:https://registry.npmjs.org/lightningcss-freebsd-x64 cache-miss
988 http fetch GET 200 https://registry.npmjs.org/lightningcss-linux-arm64-gnu 53ms (cache miss)
989 silly packumentCache full:https://registry.npmjs.org/lightningcss-linux-arm64-gnu set size:undefined disposed:false
990 silly fetch manifest lightningcss-android-arm64@1.32.0
991 silly packumentCache full:https://registry.npmjs.org/lightningcss-android-arm64 cache-miss
992 http fetch GET 200 https://registry.npmjs.org/lightningcss-linux-x64-gnu 55ms (cache miss)
993 silly packumentCache full:https://registry.npmjs.org/lightningcss-linux-x64-gnu set size:undefined disposed:false
994 silly fetch manifest nanoid@^3.3.12
995 silly packumentCache full:https://registry.npmjs.org/nanoid cache-miss
996 http fetch GET 200 https://registry.npmjs.org/lightningcss-linux-arm-gnueabihf 50ms (cache miss)
997 silly packumentCache full:https://registry.npmjs.org/lightningcss-linux-arm-gnueabihf set size:undefined disposed:false
998 silly fetch manifest source-map-js@^1.2.1
999 silly packumentCache full:https://registry.npmjs.org/source-map-js cache-miss
1000 http fetch GET 200 https://registry.npmjs.org/lightningcss-linux-x64-musl 48ms (cache miss)
1001 silly packumentCache full:https://registry.npmjs.org/lightningcss-linux-x64-musl set size:undefined disposed:false
1002 silly fetch manifest @oxc-project/types@=0.132.0
1003 silly packumentCache full:https://registry.npmjs.org/@oxc-project%2ftypes cache-miss
1004 http fetch GET 200 https://registry.npmjs.org/lightningcss-freebsd-x64 52ms (cache miss)
1005 silly packumentCache full:https://registry.npmjs.org/lightningcss-freebsd-x64 set size:undefined disposed:false
1006 silly fetch manifest @rolldown/binding-darwin-x64@1.0.2
1007 silly packumentCache full:https://registry.npmjs.org/@rolldown%2fbinding-darwin-x64 cache-miss
1008 http fetch GET 200 https://registry.npmjs.org/lightningcss-linux-arm64-musl 54ms (cache miss)
1009 silly packumentCache full:https://registry.npmjs.org/lightningcss-linux-arm64-musl set size:undefined disposed:false
1010 silly fetch manifest @rolldown/binding-win32-x64-msvc@1.0.2
1011 silly packumentCache full:https://registry.npmjs.org/@rolldown%2fbinding-win32-x64-msvc cache-miss
1012 http fetch GET 200 https://registry.npmjs.org/nanoid 67ms (cache miss)
1013 silly packumentCache full:https://registry.npmjs.org/nanoid set size:undefined disposed:false
1014 silly fetch manifest @rolldown/binding-linux-x64-gnu@1.0.2
1015 silly packumentCache full:https://registry.npmjs.org/@rolldown%2fbinding-linux-x64-gnu cache-miss
1016 http fetch GET 200 https://registry.npmjs.org/source-map-js 52ms (cache miss)
1017 silly packumentCache full:https://registry.npmjs.org/source-map-js set size:undefined disposed:false
1018 silly fetch manifest @rolldown/binding-linux-x64-musl@1.0.2
1019 silly packumentCache full:https://registry.npmjs.org/@rolldown%2fbinding-linux-x64-musl cache-miss
1020 http fetch GET 200 https://registry.npmjs.org/@rolldown%2fbinding-darwin-x64 149ms (cache miss)
1021 silly packumentCache full:https://registry.npmjs.org/@rolldown%2fbinding-darwin-x64 set size:undefined disposed:false
1022 silly fetch manifest @rolldown/binding-freebsd-x64@1.0.2
1023 silly packumentCache full:https://registry.npmjs.org/@rolldown%2fbinding-freebsd-x64 cache-miss
1024 http fetch GET 200 https://registry.npmjs.org/lightningcss-darwin-x64 267ms (cache miss)
1025 silly packumentCache full:https://registry.npmjs.org/lightningcss-darwin-x64 set size:undefined disposed:false
1026 silly fetch manifest @rolldown/binding-linux-arm-gnueabihf@1.0.2
1027 silly packumentCache full:https://registry.npmjs.org/@rolldown%2fbinding-linux-arm-gnueabihf cache-miss
1028 http fetch GET 200 https://registry.npmjs.org/@rolldown%2fbinding-linux-x64-musl 122ms (cache miss)
1029 silly packumentCache full:https://registry.npmjs.org/@rolldown%2fbinding-linux-x64-musl set size:undefined disposed:false
1030 silly fetch manifest @rolldown/binding-linux-arm64-gnu@1.0.2
1031 silly packumentCache full:https://registry.npmjs.org/@rolldown%2fbinding-linux-arm64-gnu cache-miss
1032 http fetch GET 200 https://registry.npmjs.org/lightningcss-android-arm64 254ms (cache miss)
1033 silly packumentCache full:https://registry.npmjs.org/lightningcss-android-arm64 set size:undefined disposed:false
1034 silly fetch manifest @rolldown/binding-darwin-arm64@1.0.2
1035 silly packumentCache full:https://registry.npmjs.org/@rolldown%2fbinding-darwin-arm64 cache-miss
1036 http fetch GET 200 https://registry.npmjs.org/@rolldown%2fbinding-linux-arm64-gnu 93ms (cache miss)
1037 silly packumentCache full:https://registry.npmjs.org/@rolldown%2fbinding-linux-arm64-gnu set size:undefined disposed:false
1038 silly fetch manifest @rolldown/binding-linux-arm64-musl@1.0.2
1039 silly packumentCache full:https://registry.npmjs.org/@rolldown%2fbinding-linux-arm64-musl cache-miss
1040 http fetch GET 200 https://registry.npmjs.org/@rolldown%2fbinding-darwin-arm64 95ms (cache miss)
1041 silly packumentCache full:https://registry.npmjs.org/@rolldown%2fbinding-darwin-arm64 set size:undefined disposed:false
1042 silly fetch manifest @rolldown/binding-openharmony-arm64@1.0.2
1043 silly packumentCache full:https://registry.npmjs.org/@rolldown%2fbinding-openharmony-arm64 cache-miss
1044 http fetch GET 200 https://registry.npmjs.org/@rolldown%2fbinding-linux-arm-gnueabihf 149ms (cache miss)
1045 silly packumentCache full:https://registry.npmjs.org/@rolldown%2fbinding-linux-arm-gnueabihf set size:undefined disposed:false
1046 silly fetch manifest @rolldown/binding-win32-arm64-msvc@1.0.2
1047 silly packumentCache full:https://registry.npmjs.org/@rolldown%2fbinding-win32-arm64-msvc cache-miss
1048 http fetch GET 200 https://registry.npmjs.org/@rolldown%2fbinding-win32-x64-msvc 341ms (cache miss)
1049 silly packumentCache full:https://registry.npmjs.org/@rolldown%2fbinding-win32-x64-msvc set size:undefined disposed:false
1050 silly fetch manifest @rolldown/binding-android-arm64@1.0.2
1051 silly packumentCache full:https://registry.npmjs.org/@rolldown%2fbinding-android-arm64 cache-miss
1052 http fetch GET 200 https://registry.npmjs.org/@rolldown%2fbinding-linux-x64-gnu 327ms (cache miss)
1053 silly packumentCache full:https://registry.npmjs.org/@rolldown%2fbinding-linux-x64-gnu set size:undefined disposed:false
1054 silly fetch manifest @rolldown/binding-wasm32-wasi@1.0.2
1055 silly packumentCache full:https://registry.npmjs.org/@rolldown%2fbinding-wasm32-wasi cache-miss
1056 http fetch GET 200 https://registry.npmjs.org/@rolldown%2fbinding-linux-arm64-musl 91ms (cache miss)
1057 silly packumentCache full:https://registry.npmjs.org/@rolldown%2fbinding-linux-arm64-musl set size:undefined disposed:false
1058 silly fetch manifest @rolldown/binding-linux-s390x-gnu@1.0.2
1059 silly packumentCache full:https://registry.npmjs.org/@rolldown%2fbinding-linux-s390x-gnu cache-miss
1060 http fetch GET 200 https://registry.npmjs.org/@rolldown%2fbinding-openharmony-arm64 72ms (cache miss)
1061 silly packumentCache full:https://registry.npmjs.org/@rolldown%2fbinding-openharmony-arm64 set size:undefined disposed:false
1062 silly fetch manifest @rolldown/binding-linux-ppc64-gnu@1.0.2
1063 silly packumentCache full:https://registry.npmjs.org/@rolldown%2fbinding-linux-ppc64-gnu cache-miss
1064 http fetch GET 200 https://registry.npmjs.org/@rolldown%2fbinding-win32-arm64-msvc 98ms (cache miss)
1065 silly packumentCache full:https://registry.npmjs.org/@rolldown%2fbinding-win32-arm64-msvc set size:undefined disposed:false
1066 silly fetch manifest fdir@^6.5.0
1067 silly packumentCache full:https://registry.npmjs.org/fdir cache-miss
1068 http fetch GET 200 https://registry.npmjs.org/@oxc-project%2ftypes 436ms (cache miss)
1069 silly packumentCache full:https://registry.npmjs.org/@oxc-project%2ftypes set size:undefined disposed:false
1070 http fetch GET 200 https://registry.npmjs.org/@rolldown%2fbinding-freebsd-x64 278ms (cache miss)
1071 silly packumentCache full:https://registry.npmjs.org/@rolldown%2fbinding-freebsd-x64 set size:undefined disposed:false
1072 http fetch GET 200 https://registry.npmjs.org/@rolldown%2fbinding-wasm32-wasi 125ms (cache miss)
1073 silly packumentCache full:https://registry.npmjs.org/@rolldown%2fbinding-wasm32-wasi set size:undefined disposed:false
1074 http fetch GET 200 https://registry.npmjs.org/@rolldown%2fbinding-android-arm64 249ms (cache miss)
1075 silly packumentCache full:https://registry.npmjs.org/@rolldown%2fbinding-android-arm64 set size:undefined disposed:false
1076 http fetch GET 200 https://registry.npmjs.org/fdir 230ms (cache miss)
1077 silly packumentCache full:https://registry.npmjs.org/fdir set size:undefined disposed:false
1078 http fetch GET 200 https://registry.npmjs.org/@rolldown%2fbinding-linux-s390x-gnu 299ms (cache miss)
1079 silly packumentCache full:https://registry.npmjs.org/@rolldown%2fbinding-linux-s390x-gnu set size:undefined disposed:false
1080 http fetch GET 200 https://registry.npmjs.org/@rolldown%2fbinding-linux-ppc64-gnu 323ms (cache miss)
1081 silly packumentCache full:https://registry.npmjs.org/@rolldown%2fbinding-linux-ppc64-gnu set size:undefined disposed:false
1082 silly placeDep ROOT detect-libc@2.1.2 OK for: lightningcss@1.32.0 want: ^2.0.3
1083 silly placeDep ROOT lightningcss-android-arm64@1.32.0 OK for: lightningcss@1.32.0 want: 1.32.0
1084 silly placeDep ROOT lightningcss-darwin-arm64@1.32.0 OK for: lightningcss@1.32.0 want: 1.32.0
1085 silly placeDep ROOT lightningcss-darwin-x64@1.32.0 OK for: lightningcss@1.32.0 want: 1.32.0
1086 silly placeDep ROOT lightningcss-freebsd-x64@1.32.0 OK for: lightningcss@1.32.0 want: 1.32.0
1087 silly placeDep ROOT lightningcss-linux-arm-gnueabihf@1.32.0 OK for: lightningcss@1.32.0 want: 1.32.0
1088 silly placeDep ROOT lightningcss-linux-arm64-gnu@1.32.0 OK for: lightningcss@1.32.0 want: 1.32.0
1089 silly placeDep ROOT lightningcss-linux-arm64-musl@1.32.0 OK for: lightningcss@1.32.0 want: 1.32.0
1090 silly placeDep ROOT lightningcss-linux-x64-gnu@1.32.0 OK for: lightningcss@1.32.0 want: 1.32.0
1091 silly placeDep ROOT lightningcss-linux-x64-musl@1.32.0 OK for: lightningcss@1.32.0 want: 1.32.0
1092 silly placeDep ROOT lightningcss-win32-arm64-msvc@1.32.0 OK for: lightningcss@1.32.0 want: 1.32.0
1093 silly placeDep ROOT lightningcss-win32-x64-msvc@1.32.0 OK for: lightningcss@1.32.0 want: 1.32.0
1094 silly placeDep ROOT nanoid@3.3.12 OK for: postcss@8.5.15 want: ^3.3.12
1095 silly placeDep ROOT source-map-js@1.2.1 OK for: postcss@8.5.15 want: ^1.2.1
1096 silly placeDep ROOT @oxc-project/types@0.132.0 OK for: rolldown@1.0.2 want: =0.132.0
1097 silly placeDep ROOT @rolldown/binding-android-arm64@1.0.2 OK for: rolldown@1.0.2 want: 1.0.2
1098 silly placeDep ROOT @rolldown/binding-darwin-arm64@1.0.2 OK for: rolldown@1.0.2 want: 1.0.2
1099 silly placeDep ROOT @rolldown/binding-darwin-x64@1.0.2 OK for: rolldown@1.0.2 want: 1.0.2
1100 silly placeDep ROOT @rolldown/binding-freebsd-x64@1.0.2 OK for: rolldown@1.0.2 want: 1.0.2
1101 silly placeDep ROOT @rolldown/binding-linux-arm-gnueabihf@1.0.2 OK for: rolldown@1.0.2 want: 1.0.2
1102 silly placeDep ROOT @rolldown/binding-linux-arm64-gnu@1.0.2 OK for: rolldown@1.0.2 want: 1.0.2
1103 silly placeDep ROOT @rolldown/binding-linux-arm64-musl@1.0.2 OK for: rolldown@1.0.2 want: 1.0.2
1104 silly placeDep ROOT @rolldown/binding-linux-ppc64-gnu@1.0.2 OK for: rolldown@1.0.2 want: 1.0.2
1105 silly placeDep ROOT @rolldown/binding-linux-s390x-gnu@1.0.2 OK for: rolldown@1.0.2 want: 1.0.2
1106 silly placeDep ROOT @rolldown/binding-linux-x64-gnu@1.0.2 OK for: rolldown@1.0.2 want: 1.0.2
1107 silly placeDep ROOT @rolldown/binding-linux-x64-musl@1.0.2 OK for: rolldown@1.0.2 want: 1.0.2
1108 silly placeDep ROOT @rolldown/binding-openharmony-arm64@1.0.2 OK for: rolldown@1.0.2 want: 1.0.2
1109 silly placeDep ROOT @rolldown/binding-wasm32-wasi@1.0.2 OK for: rolldown@1.0.2 want: 1.0.2
1110 silly placeDep ROOT @rolldown/binding-win32-arm64-msvc@1.0.2 OK for: rolldown@1.0.2 want: 1.0.2
1111 silly placeDep ROOT @rolldown/binding-win32-x64-msvc@1.0.2 OK for: rolldown@1.0.2 want: 1.0.2
1112 silly fetch manifest @napi-rs/wasm-runtime@^1.1.4
1113 silly packumentCache full:https://registry.npmjs.org/@napi-rs%2fwasm-runtime cache-miss
1114 silly fetch manifest @emnapi/core@1.10.0
1115 silly packumentCache full:https://registry.npmjs.org/@emnapi%2fcore cache-miss
1116 silly fetch manifest @emnapi/runtime@1.10.0
1117 silly packumentCache full:https://registry.npmjs.org/@emnapi%2fruntime cache-miss
1118 http fetch GET 200 https://registry.npmjs.org/@emnapi%2fruntime 65ms (cache miss)
1119 silly packumentCache full:https://registry.npmjs.org/@emnapi%2fruntime set size:undefined disposed:false
1120 http fetch GET 200 https://registry.npmjs.org/@emnapi%2fcore 100ms (cache miss)
1121 silly packumentCache full:https://registry.npmjs.org/@emnapi%2fcore set size:undefined disposed:false
1122 http fetch GET 200 https://registry.npmjs.org/@napi-rs%2fwasm-runtime 247ms (cache miss)
1123 silly packumentCache full:https://registry.npmjs.org/@napi-rs%2fwasm-runtime set size:undefined disposed:false
1124 silly placeDep ROOT @emnapi/core@1.10.0 OK for: @rolldown/binding-wasm32-wasi@1.0.2 want: 1.10.0
1125 silly placeDep ROOT @emnapi/runtime@1.10.0 OK for: @rolldown/binding-wasm32-wasi@1.0.2 want: 1.10.0
1126 silly placeDep ROOT @napi-rs/wasm-runtime@1.1.4 OK for: @rolldown/binding-wasm32-wasi@1.0.2 want: ^1.1.4
1127 silly fetch manifest tslib@^2.4.0
1128 silly packumentCache full:https://registry.npmjs.org/tslib cache-miss
1129 silly fetch manifest @emnapi/wasi-threads@1.2.1
1130 silly packumentCache full:https://registry.npmjs.org/@emnapi%2fwasi-threads cache-miss
1131 silly fetch manifest tslib@^2.4.0
1132 silly packumentCache full:https://registry.npmjs.org/tslib cache-miss
1133 silly fetch manifest @tybys/wasm-util@^0.10.1
1134 silly packumentCache full:https://registry.npmjs.org/@tybys%2fwasm-util cache-miss
1135 http fetch GET 200 https://registry.npmjs.org/tslib 54ms (cache miss)
1136 silly packumentCache full:https://registry.npmjs.org/tslib set size:undefined disposed:false
1137 http fetch GET 200 https://registry.npmjs.org/tslib 55ms (cache miss)
1138 silly packumentCache full:https://registry.npmjs.org/tslib set size:undefined disposed:false
1139 http fetch GET 200 https://registry.npmjs.org/@emnapi%2fwasi-threads 113ms (cache miss)
1140 silly packumentCache full:https://registry.npmjs.org/@emnapi%2fwasi-threads set size:undefined disposed:false
1141 http fetch GET 200 https://registry.npmjs.org/@tybys%2fwasm-util 264ms (cache miss)
1142 silly packumentCache full:https://registry.npmjs.org/@tybys%2fwasm-util set size:undefined disposed:false
1143 silly placeDep ROOT @emnapi/wasi-threads@1.2.1 OK for: @emnapi/core@1.10.0 want: 1.2.1
1144 silly placeDep ROOT tslib@2.8.1 OK for: @emnapi/core@1.10.0 want: ^2.4.0
1145 silly placeDep ROOT @tybys/wasm-util@0.10.2 OK for: @napi-rs/wasm-runtime@1.1.4 want: ^0.10.1
1146 silly placeDep ROOT fdir@6.5.0 OK for: tinyglobby@0.2.16 want: ^6.5.0
1147 silly placeDep ROOT isexe@2.0.0 OK for: which@2.0.2 want: ^2.0.0
1148 silly reify moves {}
1149 silly audit bulk request {
1149 silly audit   '@eslint/js': [ '10.0.1' ],
1149 silly audit   '@types/react': [ '19.2.15' ],
1149 silly audit   '@types/react-dom': [ '19.2.3' ],
1149 silly audit   '@vitejs/plugin-react': [ '6.0.2' ],
1149 silly audit   vite: [ '8.0.14' ],
1149 silly audit   axios: [ '1.16.1' ],
1149 silly audit   bootstrap: [ '5.3.8' ],
1149 silly audit   '@popperjs/core': [ '2.11.8' ],
1149 silly audit   'bootstrap-icons': [ '1.13.1' ],
1149 silly audit   eslint: [ '10.4.0' ],
1149 silly audit   'eslint-plugin-react-hooks': [ '7.1.1' ],
1149 silly audit   'eslint-plugin-react-refresh': [ '0.5.2' ],
1149 silly audit   globals: [ '17.6.0' ],
1149 silly audit   react: [ '19.2.6' ],
1149 silly audit   'react-dom': [ '19.2.6' ],
1149 silly audit   'react-router-dom': [ '6.30.3' ],
1149 silly audit   csstype: [ '3.2.3' ],
1149 silly audit   '@rolldown/pluginutils': [ '1.0.1' ],
1149 silly audit   'follow-redirects': [ '1.16.0' ],
1149 silly audit   'form-data': [ '4.0.5' ],
1149 silly audit   'https-proxy-agent': [ '5.0.1' ],
1149 silly audit   'proxy-from-env': [ '2.1.0' ],
1149 silly audit   '@eslint-community/eslint-utils': [ '4.9.1' ],
1149 silly audit   '@eslint-community/regexpp': [ '4.12.2' ],
1149 silly audit   '@eslint/config-array': [ '0.23.5' ],
1149 silly audit   '@eslint/config-helpers': [ '0.6.0' ],
1149 silly audit   '@eslint/core': [ '1.2.1' ],
1149 silly audit   '@eslint/plugin-kit': [ '0.7.1' ],
1149 silly audit   '@humanfs/node': [ '0.16.8' ],
1149 silly audit   '@humanwhocodes/module-importer': [ '1.0.1' ],
1149 silly audit   '@humanwhocodes/retry': [ '0.4.3' ],
1149 silly audit   '@types/estree': [ '1.0.9' ],
1149 silly audit   ajv: [ '6.15.0' ],
1149 silly audit   'cross-spawn': [ '7.0.6' ],
1149 silly audit   debug: [ '4.4.3' ],
1149 silly audit   'escape-string-regexp': [ '4.0.0' ],
1149 silly audit   'eslint-scope': [ '9.1.2' ],
1149 silly audit   'eslint-visitor-keys': [ '5.0.1', '3.4.3' ],
1149 silly audit   espree: [ '11.2.0' ],
1149 silly audit   esquery: [ '1.7.0' ],
1149 silly audit   esutils: [ '2.0.3' ],
1149 silly audit   'fast-deep-equal': [ '3.1.3' ],
1149 silly audit   'file-entry-cache': [ '8.0.0' ],
1149 silly audit   'find-up': [ '5.0.0' ],
1149 silly audit   'glob-parent': [ '6.0.2' ],
1149 silly audit   ignore: [ '5.3.2' ],
1149 silly audit   imurmurhash: [ '0.1.4' ],
1149 silly audit   'is-glob': [ '4.0.3' ],
1149 silly audit   'json-stable-stringify-without-jsonify': [ '1.0.1' ],
1149 silly audit   minimatch: [ '10.2.5' ],
1149 silly audit   'natural-compare': [ '1.4.0' ],
1149 silly audit   optionator: [ '0.9.4' ],
1149 silly audit   '@eslint/object-schema': [ '3.0.5' ],
1149 silly audit   '@types/json-schema': [ '7.0.15' ],
1149 silly audit   levn: [ '0.4.1' ],
1149 silly audit   '@humanfs/core': [ '0.19.2' ],
1149 silly audit   '@humanfs/types': [ '0.15.0' ],
1149 silly audit   'fast-json-stable-stringify': [ '2.1.0' ],
1149 silly audit   'json-schema-traverse': [ '0.4.1' ],
1149 silly audit   'uri-js': [ '4.4.1' ],
1149 silly audit   'path-key': [ '3.1.1' ],
1149 silly audit   'shebang-command': [ '2.0.0' ],
1149 silly audit   which: [ '2.0.2' ],
1149 silly audit   ms: [ '2.1.3' ],
1149 silly audit   '@babel/core': [ '7.29.0' ],
1149 silly audit   '@babel/parser': [ '7.29.3' ],
1149 silly audit   'hermes-parser': [ '0.25.1' ],
1149 silly audit   zod: [ '4.4.3' ],
1149 silly audit   'zod-validation-error': [ '4.0.2' ],
1149 silly audit   '@babel/code-frame': [ '7.29.0' ],
1149 silly audit   '@babel/generator': [ '7.29.1' ],
1149 silly audit   '@babel/helper-compilation-targets': [ '7.28.6' ],
1149 silly audit   '@babel/helper-module-transforms': [ '7.28.6' ],
1149 silly audit   '@babel/helpers': [ '7.29.2' ],
1149 silly audit   '@babel/template': [ '7.28.6' ],
1149 silly audit   '@babel/traverse': [ '7.29.0' ],
1149 silly audit   '@babel/types': [ '7.29.0' ],
1149 silly audit   '@jridgewell/remapping': [ '2.3.5' ],
1149 silly audit   'convert-source-map': [ '2.0.0' ],
1149 silly audit   gensync: [ '1.0.0-beta.2' ],
1149 silly audit   json5: [ '2.2.3' ],
1149 silly audit   semver: [ '6.3.1' ],
1149 silly audit   '@babel/helper-validator-identifier': [ '7.28.5' ],
1149 silly audit   'js-tokens': [ '4.0.0' ],
1149 silly audit   picocolors: [ '1.1.1' ],
1149 silly audit   '@jridgewell/gen-mapping': [ '0.3.13' ],
1149 silly audit   '@jridgewell/trace-mapping': [ '0.3.31' ],
1149 silly audit   jsesc: [ '3.1.0' ],
1149 silly audit   '@babel/compat-data': [ '7.29.3' ],
1149 silly audit   '@babel/helper-validator-option': [ '7.27.1' ],
1149 silly audit   browserslist: [ '4.28.2' ],
1149 silly audit   'lru-cache': [ '5.1.1' ],
1149 silly audit   '@babel/helper-module-imports': [ '7.28.6' ],
1149 silly audit   '@babel/helper-globals': [ '7.28.0' ],
1149 silly audit   '@babel/helper-string-parser': [ '7.27.1' ],
1149 silly audit   '@jridgewell/sourcemap-codec': [ '1.5.5' ],
1149 silly audit   '@jridgewell/resolve-uri': [ '3.1.2' ],
1149 silly audit   'baseline-browser-mapping': [ '2.10.32' ],
1149 silly audit   'caniuse-lite': [ '1.0.30001793' ],
1149 silly audit   'electron-to-chromium': [ '1.5.361' ],
1149 silly audit   'node-releases': [ '2.0.46' ],
1149 silly audit   'update-browserslist-db': [ '1.2.3' ],
1149 silly audit   '@types/esrecurse': [ '4.3.1' ],
1149 silly audit   esrecurse: [ '4.3.0' ],
1149 silly audit   estraverse: [ '5.3.0' ],
1149 silly audit   acorn: [ '8.16.0' ],
1149 silly audit   'acorn-jsx': [ '5.3.2' ],
1149 silly audit   'flat-cache': [ '4.0.1' ],
1149 silly audit   'locate-path': [ '6.0.0' ],
1149 silly audit   'path-exists': [ '4.0.0' ],
1149 silly audit   flatted: [ '3.4.2' ],
1149 silly audit   keyv: [ '4.5.4' ],
1149 silly audit   asynckit: [ '0.4.0' ],
1149 silly audit   'combined-stream': [ '1.0.8' ],
1149 silly audit   'es-set-tostringtag': [ '2.1.0' ],
1149 silly audit   hasown: [ '2.0.3' ],
1149 silly audit   'mime-types': [ '2.1.35' ],
1149 silly audit   'delayed-stream': [ '1.0.0' ],
1149 silly audit   'es-errors': [ '1.3.0' ],
1149 silly audit   'get-intrinsic': [ '1.3.0' ],
1149 silly audit   'has-tostringtag': [ '1.0.2' ],
1149 silly audit   'call-bind-apply-helpers': [ '1.0.2' ],
1149 silly audit   'es-define-property': [ '1.0.1' ],
1149 silly audit   'es-object-atoms': [ '1.1.2' ],
1149 silly audit   'function-bind': [ '1.1.2' ],
1149 silly audit   'get-proto': [ '1.0.1' ],
1149 silly audit   gopd: [ '1.2.0' ],
1149 silly audit   'has-symbols': [ '1.1.0' ],
1149 silly audit   'math-intrinsics': [ '1.1.0' ],
1149 silly audit   'dunder-proto': [ '1.0.1' ],
1149 silly audit   'hermes-estree': [ '0.25.1' ],
1149 silly audit   'agent-base': [ '6.0.2' ],
1149 silly audit   'is-extglob': [ '2.1.1' ],
1149 silly audit   'json-buffer': [ '3.0.1' ],
1149 silly audit   'prelude-ls': [ '1.2.1' ],
1149 silly audit   'type-check': [ '0.4.0' ],
1149 silly audit   'p-locate': [ '5.0.0' ],
1149 silly audit   yallist: [ '3.1.1' ],
1149 silly audit   'mime-db': [ '1.52.0' ],
1149 silly audit   'brace-expansion': [ '5.0.6' ],
1149 silly audit   'balanced-match': [ '4.0.4' ],
1149 silly audit   'deep-is': [ '0.1.4' ],
1149 silly audit   'fast-levenshtein': [ '2.0.6' ],
1149 silly audit   'word-wrap': [ '1.2.5' ],
1149 silly audit   'p-limit': [ '3.1.0' ],
1149 silly audit   'yocto-queue': [ '0.1.0' ],
1149 silly audit   scheduler: [ '0.27.0' ],
1149 silly audit   '@remix-run/router': [ '1.23.2' ],
1149 silly audit   'react-router': [ '6.30.3' ],
1149 silly audit   'shebang-regex': [ '3.0.0' ],
1149 silly audit   escalade: [ '3.2.0' ],
1149 silly audit   punycode: [ '2.3.1' ],
1149 silly audit   fsevents: [ '2.3.3' ],
1149 silly audit   lightningcss: [ '1.32.0' ],
1149 silly audit   picomatch: [ '4.0.4' ],
1149 silly audit   postcss: [ '8.5.15' ],
1149 silly audit   rolldown: [ '1.0.2' ],
1149 silly audit   tinyglobby: [ '0.2.16' ],
1149 silly audit   'detect-libc': [ '2.1.2' ],
1149 silly audit   'lightningcss-android-arm64': [ '1.32.0' ],
1149 silly audit   'lightningcss-darwin-arm64': [ '1.32.0' ],
1149 silly audit   'lightningcss-darwin-x64': [ '1.32.0' ],
1149 silly audit   'lightningcss-freebsd-x64': [ '1.32.0' ],
1149 silly audit   'lightningcss-linux-arm-gnueabihf': [ '1.32.0' ],
1149 silly audit   'lightningcss-linux-arm64-gnu': [ '1.32.0' ],
1149 silly audit   'lightningcss-linux-arm64-musl': [ '1.32.0' ],
1149 silly audit   'lightningcss-linux-x64-gnu': [ '1.32.0' ],
1149 silly audit   'lightningcss-linux-x64-musl': [ '1.32.0' ],
1149 silly audit   'lightningcss-win32-arm64-msvc': [ '1.32.0' ],
1149 silly audit   'lightningcss-win32-x64-msvc': [ '1.32.0' ],
1149 silly audit   nanoid: [ '3.3.12' ],
1149 silly audit   'source-map-js': [ '1.2.1' ],
1149 silly audit   '@oxc-project/types': [ '0.132.0' ],
1149 silly audit   '@rolldown/binding-android-arm64': [ '1.0.2' ],
1149 silly audit   '@rolldown/binding-darwin-arm64': [ '1.0.2' ],
1149 silly audit   '@rolldown/binding-darwin-x64': [ '1.0.2' ],
1149 silly audit   '@rolldown/binding-freebsd-x64': [ '1.0.2' ],
1149 silly audit   '@rolldown/binding-linux-arm-gnueabihf': [ '1.0.2' ],
1149 silly audit   '@rolldown/binding-linux-arm64-gnu': [ '1.0.2' ],
1149 silly audit   '@rolldown/binding-linux-arm64-musl': [ '1.0.2' ],
1149 silly audit   '@rolldown/binding-linux-ppc64-gnu': [ '1.0.2' ],
1149 silly audit   '@rolldown/binding-linux-s390x-gnu': [ '1.0.2' ],
1149 silly audit   '@rolldown/binding-linux-x64-gnu': [ '1.0.2' ],
1149 silly audit   '@rolldown/binding-linux-x64-musl': [ '1.0.2' ],
1149 silly audit   '@rolldown/binding-openharmony-arm64': [ '1.0.2' ],
1149 silly audit   '@rolldown/binding-wasm32-wasi': [ '1.0.2' ],
1149 silly audit   '@rolldown/binding-win32-arm64-msvc': [ '1.0.2' ],
1149 silly audit   '@rolldown/binding-win32-x64-msvc': [ '1.0.2' ],
1149 silly audit   '@emnapi/core': [ '1.10.0' ],
1149 silly audit   '@emnapi/runtime': [ '1.10.0' ],
1149 silly audit   '@napi-rs/wasm-runtime': [ '1.1.4' ],
1149 silly audit   '@emnapi/wasi-threads': [ '1.2.1' ],
1149 silly audit   tslib: [ '2.8.1' ],
1149 silly audit   '@tybys/wasm-util': [ '0.10.2' ],
1149 silly audit   fdir: [ '6.5.0' ],
1149 silly audit   isexe: [ '2.0.0' ]
1149 silly audit }
1150 verbose reify failed optional dependency /Users/diona/Desktop/Lab1-Projekti/frontend/node_modules/@rolldown/binding-win32-x64-msvc
1151 silly reify mark deleted [
1151 silly reify   '/Users/diona/Desktop/Lab1-Projekti/frontend/node_modules/@rolldown/binding-win32-x64-msvc'
1151 silly reify ]
1152 verbose reify failed optional dependency /Users/diona/Desktop/Lab1-Projekti/frontend/node_modules/@rolldown/binding-win32-arm64-msvc
1153 silly reify mark deleted [
1153 silly reify   '/Users/diona/Desktop/Lab1-Projekti/frontend/node_modules/@rolldown/binding-win32-arm64-msvc'
1153 silly reify ]
1154 verbose reify failed optional dependency /Users/diona/Desktop/Lab1-Projekti/frontend/node_modules/@rolldown/binding-wasm32-wasi
1155 silly reify mark deleted [
1155 silly reify   '/Users/diona/Desktop/Lab1-Projekti/frontend/node_modules/@rolldown/binding-wasm32-wasi'
1155 silly reify ]
1156 verbose reify failed optional dependency /Users/diona/Desktop/Lab1-Projekti/frontend/node_modules/@napi-rs/wasm-runtime
1157 silly reify mark deleted [
1157 silly reify   '/Users/diona/Desktop/Lab1-Projekti/frontend/node_modules/@napi-rs/wasm-runtime'
1157 silly reify ]
1158 verbose reify failed optional dependency /Users/diona/Desktop/Lab1-Projekti/frontend/node_modules/@emnapi/core
1159 silly reify mark deleted [
1159 silly reify   '/Users/diona/Desktop/Lab1-Projekti/frontend/node_modules/@emnapi/core'
1159 silly reify ]
1160 verbose reify failed optional dependency /Users/diona/Desktop/Lab1-Projekti/frontend/node_modules/@emnapi/runtime
1161 silly reify mark deleted [
1161 silly reify   '/Users/diona/Desktop/Lab1-Projekti/frontend/node_modules/@emnapi/runtime'
1161 silly reify ]
1162 verbose reify failed optional dependency /Users/diona/Desktop/Lab1-Projekti/frontend/node_modules/@tybys/wasm-util
1163 silly reify mark deleted [
1163 silly reify   '/Users/diona/Desktop/Lab1-Projekti/frontend/node_modules/@tybys/wasm-util'
1163 silly reify ]
1164 verbose reify failed optional dependency /Users/diona/Desktop/Lab1-Projekti/frontend/node_modules/tslib
1165 silly reify mark deleted [ '/Users/diona/Desktop/Lab1-Projekti/frontend/node_modules/tslib' ]
1166 verbose reify failed optional dependency /Users/diona/Desktop/Lab1-Projekti/frontend/node_modules/@emnapi/wasi-threads
1167 silly reify mark deleted [
1167 silly reify   '/Users/diona/Desktop/Lab1-Projekti/frontend/node_modules/@emnapi/wasi-threads'
1167 silly reify ]
1168 verbose reify failed optional dependency /Users/diona/Desktop/Lab1-Projekti/frontend/node_modules/@rolldown/binding-openharmony-arm64
1169 silly reify mark deleted [
1169 silly reify   '/Users/diona/Desktop/Lab1-Projekti/frontend/node_modules/@rolldown/binding-openharmony-arm64'
1169 silly reify ]
1170 verbose reify failed optional dependency /Users/diona/Desktop/Lab1-Projekti/frontend/node_modules/@rolldown/binding-linux-x64-musl
1171 silly reify mark deleted [
1171 silly reify   '/Users/diona/Desktop/Lab1-Projekti/frontend/node_modules/@rolldown/binding-linux-x64-musl'
1171 silly reify ]
1172 verbose reify failed optional dependency /Users/diona/Desktop/Lab1-Projekti/frontend/node_modules/@rolldown/binding-linux-x64-gnu
1173 silly reify mark deleted [
1173 silly reify   '/Users/diona/Desktop/Lab1-Projekti/frontend/node_modules/@rolldown/binding-linux-x64-gnu'
1173 silly reify ]
1174 verbose reify failed optional dependency /Users/diona/Desktop/Lab1-Projekti/frontend/node_modules/@rolldown/binding-linux-s390x-gnu
1175 silly reify mark deleted [
1175 silly reify   '/Users/diona/Desktop/Lab1-Projekti/frontend/node_modules/@rolldown/binding-linux-s390x-gnu'
1175 silly reify ]
1176 verbose reify failed optional dependency /Users/diona/Desktop/Lab1-Projekti/frontend/node_modules/@rolldown/binding-linux-ppc64-gnu
1177 silly reify mark deleted [
1177 silly reify   '/Users/diona/Desktop/Lab1-Projekti/frontend/node_modules/@rolldown/binding-linux-ppc64-gnu'
1177 silly reify ]
1178 verbose reify failed optional dependency /Users/diona/Desktop/Lab1-Projekti/frontend/node_modules/@rolldown/binding-linux-arm64-musl
1179 silly reify mark deleted [
1179 silly reify   '/Users/diona/Desktop/Lab1-Projekti/frontend/node_modules/@rolldown/binding-linux-arm64-musl'
1179 silly reify ]
1180 verbose reify failed optional dependency /Users/diona/Desktop/Lab1-Projekti/frontend/node_modules/@rolldown/binding-linux-arm64-gnu
1181 silly reify mark deleted [
1181 silly reify   '/Users/diona/Desktop/Lab1-Projekti/frontend/node_modules/@rolldown/binding-linux-arm64-gnu'
1181 silly reify ]
1182 verbose reify failed optional dependency /Users/diona/Desktop/Lab1-Projekti/frontend/node_modules/@rolldown/binding-linux-arm-gnueabihf
1183 silly reify mark deleted [
1183 silly reify   '/Users/diona/Desktop/Lab1-Projekti/frontend/node_modules/@rolldown/binding-linux-arm-gnueabihf'
1183 silly reify ]
1184 verbose reify failed optional dependency /Users/diona/Desktop/Lab1-Projekti/frontend/node_modules/@rolldown/binding-freebsd-x64
1185 silly reify mark deleted [
1185 silly reify   '/Users/diona/Desktop/Lab1-Projekti/frontend/node_modules/@rolldown/binding-freebsd-x64'
1185 silly reify ]
1186 verbose reify failed optional dependency /Users/diona/Desktop/Lab1-Projekti/frontend/node_modules/@rolldown/binding-darwin-x64
1187 silly reify mark deleted [
1187 silly reify   '/Users/diona/Desktop/Lab1-Projekti/frontend/node_modules/@rolldown/binding-darwin-x64'
1187 silly reify ]
1188 verbose reify failed optional dependency /Users/diona/Desktop/Lab1-Projekti/frontend/node_modules/@rolldown/binding-android-arm64
1189 silly reify mark deleted [
1189 silly reify   '/Users/diona/Desktop/Lab1-Projekti/frontend/node_modules/@rolldown/binding-android-arm64'
1189 silly reify ]
1190 verbose reify failed optional dependency /Users/diona/Desktop/Lab1-Projekti/frontend/node_modules/lightningcss-win32-x64-msvc
1191 silly reify mark deleted [
1191 silly reify   '/Users/diona/Desktop/Lab1-Projekti/frontend/node_modules/lightningcss-win32-x64-msvc'
1191 silly reify ]
1192 verbose reify failed optional dependency /Users/diona/Desktop/Lab1-Projekti/frontend/node_modules/lightningcss-win32-arm64-msvc
1193 silly reify mark deleted [
1193 silly reify   '/Users/diona/Desktop/Lab1-Projekti/frontend/node_modules/lightningcss-win32-arm64-msvc'
1193 silly reify ]
1194 verbose reify failed optional dependency /Users/diona/Desktop/Lab1-Projekti/frontend/node_modules/lightningcss-linux-x64-musl
1195 silly reify mark deleted [
1195 silly reify   '/Users/diona/Desktop/Lab1-Projekti/frontend/node_modules/lightningcss-linux-x64-musl'
1195 silly reify ]
1196 verbose reify failed optional dependency /Users/diona/Desktop/Lab1-Projekti/frontend/node_modules/lightningcss-linux-x64-gnu
1197 silly reify mark deleted [
1197 silly reify   '/Users/diona/Desktop/Lab1-Projekti/frontend/node_modules/lightningcss-linux-x64-gnu'
1197 silly reify ]
1198 verbose reify failed optional dependency /Users/diona/Desktop/Lab1-Projekti/frontend/node_modules/lightningcss-linux-arm64-musl
1199 silly reify mark deleted [
1199 silly reify   '/Users/diona/Desktop/Lab1-Projekti/frontend/node_modules/lightningcss-linux-arm64-musl'
1199 silly reify ]
1200 verbose reify failed optional dependency /Users/diona/Desktop/Lab1-Projekti/frontend/node_modules/lightningcss-linux-arm64-gnu
1201 silly reify mark deleted [
1201 silly reify   '/Users/diona/Desktop/Lab1-Projekti/frontend/node_modules/lightningcss-linux-arm64-gnu'
1201 silly reify ]
1202 verbose reify failed optional dependency /Users/diona/Desktop/Lab1-Projekti/frontend/node_modules/lightningcss-linux-arm-gnueabihf
1203 silly reify mark deleted [
1203 silly reify   '/Users/diona/Desktop/Lab1-Projekti/frontend/node_modules/lightningcss-linux-arm-gnueabihf'
1203 silly reify ]
1204 verbose reify failed optional dependency /Users/diona/Desktop/Lab1-Projekti/frontend/node_modules/lightningcss-freebsd-x64
1205 silly reify mark deleted [
1205 silly reify   '/Users/diona/Desktop/Lab1-Projekti/frontend/node_modules/lightningcss-freebsd-x64'
1205 silly reify ]
1206 verbose reify failed optional dependency /Users/diona/Desktop/Lab1-Projekti/frontend/node_modules/lightningcss-darwin-x64
1207 silly reify mark deleted [
1207 silly reify   '/Users/diona/Desktop/Lab1-Projekti/frontend/node_modules/lightningcss-darwin-x64'
1207 silly reify ]
1208 verbose reify failed optional dependency /Users/diona/Desktop/Lab1-Projekti/frontend/node_modules/lightningcss-android-arm64
1209 silly reify mark deleted [
1209 silly reify   '/Users/diona/Desktop/Lab1-Projekti/frontend/node_modules/lightningcss-android-arm64'
1209 silly reify ]
1210 http cache isexe@https://registry.npmjs.org/isexe/-/isexe-2.0.0.tgz 0ms (cache hit)
1211 http cache fdir@https://registry.npmjs.org/fdir/-/fdir-6.5.0.tgz 0ms (cache hit)
1212 http cache tslib@https://registry.npmjs.org/tslib/-/tslib-2.8.1.tgz 0ms (cache hit)
1213 http cache @emnapi/wasi-threads@https://registry.npmjs.org/@emnapi/wasi-threads/-/wasi-threads-1.2.1.tgz 0ms (cache hit)
1214 http cache @napi-rs/wasm-runtime@https://registry.npmjs.org/@napi-rs/wasm-runtime/-/wasm-runtime-1.1.4.tgz 0ms (cache hit)
1215 http cache @tybys/wasm-util@https://registry.npmjs.org/@tybys/wasm-util/-/wasm-util-0.10.2.tgz 0ms (cache hit)
1216 http cache @emnapi/runtime@https://registry.npmjs.org/@emnapi/runtime/-/runtime-1.10.0.tgz 0ms (cache hit)
1217 http cache @emnapi/core@https://registry.npmjs.org/@emnapi/core/-/core-1.10.0.tgz 0ms (cache hit)
1218 http cache @rolldown/binding-darwin-arm64@https://registry.npmjs.org/@rolldown/binding-darwin-arm64/-/binding-darwin-arm64-1.0.2.tgz 0ms (cache hit)
1219 http cache @oxc-project/types@https://registry.npmjs.org/@oxc-project/types/-/types-0.132.0.tgz 0ms (cache hit)
1220 http cache tinyglobby@https://registry.npmjs.org/tinyglobby/-/tinyglobby-0.2.16.tgz 0ms (cache hit)
1221 http cache nanoid@https://registry.npmjs.org/nanoid/-/nanoid-3.3.12.tgz 0ms (cache hit)
1222 http cache postcss@https://registry.npmjs.org/postcss/-/postcss-8.5.15.tgz 0ms (cache hit)
1223 http cache picomatch@https://registry.npmjs.org/picomatch/-/picomatch-4.0.4.tgz 0ms (cache hit)
1224 http cache rolldown@https://registry.npmjs.org/rolldown/-/rolldown-1.0.2.tgz 0ms (cache hit)
1225 http cache lightningcss@https://registry.npmjs.org/lightningcss/-/lightningcss-1.32.0.tgz 0ms (cache hit)
1226 http cache source-map-js@https://registry.npmjs.org/source-map-js/-/source-map-js-1.2.1.tgz 0ms (cache hit)
1227 http cache lightningcss-darwin-arm64@https://registry.npmjs.org/lightningcss-darwin-arm64/-/lightningcss-darwin-arm64-1.32.0.tgz 0ms (cache hit)
1228 http cache punycode@https://registry.npmjs.org/punycode/-/punycode-2.3.1.tgz 0ms (cache hit)
1229 http cache escalade@https://registry.npmjs.org/escalade/-/escalade-3.2.0.tgz 0ms (cache hit)
1230 http cache fsevents@https://registry.npmjs.org/fsevents/-/fsevents-2.3.3.tgz 0ms (cache hit)
1231 http cache react-router@https://registry.npmjs.org/react-router/-/react-router-6.30.3.tgz 0ms (cache hit)
1232 http cache yocto-queue@https://registry.npmjs.org/yocto-queue/-/yocto-queue-0.1.0.tgz 0ms (cache hit)
1233 http cache @remix-run/router@https://registry.npmjs.org/@remix-run/router/-/router-1.23.2.tgz 0ms (cache hit)
1234 http cache scheduler@https://registry.npmjs.org/scheduler/-/scheduler-0.27.0.tgz 0ms (cache hit)
1235 http cache word-wrap@https://registry.npmjs.org/word-wrap/-/word-wrap-1.2.5.tgz 0ms (cache hit)
1236 http cache fast-levenshtein@https://registry.npmjs.org/fast-levenshtein/-/fast-levenshtein-2.0.6.tgz 0ms (cache hit)
1237 http cache balanced-match@https://registry.npmjs.org/balanced-match/-/balanced-match-4.0.4.tgz 0ms (cache hit)
1238 http cache brace-expansion@https://registry.npmjs.org/brace-expansion/-/brace-expansion-5.0.6.tgz 0ms (cache hit)
1239 http cache mime-db@https://registry.npmjs.org/mime-db/-/mime-db-1.52.0.tgz 0ms (cache hit)
1240 http cache detect-libc@https://registry.npmjs.org/detect-libc/-/detect-libc-2.1.2.tgz 0ms (cache hit)
1241 http cache deep-is@https://registry.npmjs.org/deep-is/-/deep-is-0.1.4.tgz 0ms (cache hit)
1242 http cache p-locate@https://registry.npmjs.org/p-locate/-/p-locate-5.0.0.tgz 0ms (cache hit)
1243 http cache yallist@https://registry.npmjs.org/yallist/-/yallist-3.1.1.tgz 0ms (cache hit)
1244 http cache type-check@https://registry.npmjs.org/type-check/-/type-check-0.4.0.tgz 0ms (cache hit)
1245 http cache prelude-ls@https://registry.npmjs.org/prelude-ls/-/prelude-ls-1.2.1.tgz 0ms (cache hit)
1246 http cache is-extglob@https://registry.npmjs.org/is-extglob/-/is-extglob-2.1.1.tgz 0ms (cache hit)
1247 http cache agent-base@https://registry.npmjs.org/agent-base/-/agent-base-6.0.2.tgz 0ms (cache hit)
1248 http cache dunder-proto@https://registry.npmjs.org/dunder-proto/-/dunder-proto-1.0.1.tgz 0ms (cache hit)
1249 http cache hermes-estree@https://registry.npmjs.org/hermes-estree/-/hermes-estree-0.25.1.tgz 0ms (cache hit)
1250 http cache json-buffer@https://registry.npmjs.org/json-buffer/-/json-buffer-3.0.1.tgz 0ms (cache hit)
1251 http cache math-intrinsics@https://registry.npmjs.org/math-intrinsics/-/math-intrinsics-1.1.0.tgz 0ms (cache hit)
1252 http cache has-symbols@https://registry.npmjs.org/has-symbols/-/has-symbols-1.1.0.tgz 0ms (cache hit)
1253 http cache get-proto@https://registry.npmjs.org/get-proto/-/get-proto-1.0.1.tgz 0ms (cache hit)
1254 http cache gopd@https://registry.npmjs.org/gopd/-/gopd-1.2.0.tgz 0ms (cache hit)
1255 http cache p-limit@https://registry.npmjs.org/p-limit/-/p-limit-3.1.0.tgz 0ms (cache hit)
1256 http cache es-object-atoms@https://registry.npmjs.org/es-object-atoms/-/es-object-atoms-1.1.2.tgz 0ms (cache hit)
1257 http cache function-bind@https://registry.npmjs.org/function-bind/-/function-bind-1.1.2.tgz 0ms (cache hit)
1258 http cache es-define-property@https://registry.npmjs.org/es-define-property/-/es-define-property-1.0.1.tgz 0ms (cache hit)
1259 http cache call-bind-apply-helpers@https://registry.npmjs.org/call-bind-apply-helpers/-/call-bind-apply-helpers-1.0.2.tgz 0ms (cache hit)
1260 http cache has-tostringtag@https://registry.npmjs.org/has-tostringtag/-/has-tostringtag-1.0.2.tgz 0ms (cache hit)
1261 http cache es-errors@https://registry.npmjs.org/es-errors/-/es-errors-1.3.0.tgz 0ms (cache hit)
1262 http cache delayed-stream@https://registry.npmjs.org/delayed-stream/-/delayed-stream-1.0.0.tgz 0ms (cache hit)
1263 http cache mime-types@https://registry.npmjs.org/mime-types/-/mime-types-2.1.35.tgz 0ms (cache hit)
1264 http cache hasown@https://registry.npmjs.org/hasown/-/hasown-2.0.3.tgz 0ms (cache hit)
1265 http cache es-set-tostringtag@https://registry.npmjs.org/es-set-tostringtag/-/es-set-tostringtag-2.1.0.tgz 0ms (cache hit)
1266 http cache combined-stream@https://registry.npmjs.org/combined-stream/-/combined-stream-1.0.8.tgz 0ms (cache hit)
1267 http cache asynckit@https://registry.npmjs.org/asynckit/-/asynckit-0.4.0.tgz 0ms (cache hit)
1268 http cache keyv@https://registry.npmjs.org/keyv/-/keyv-4.5.4.tgz 0ms (cache hit)
1269 http cache flatted@https://registry.npmjs.org/flatted/-/flatted-3.4.2.tgz 0ms (cache hit)
1270 http cache path-exists@https://registry.npmjs.org/path-exists/-/path-exists-4.0.0.tgz 0ms (cache hit)
1271 http cache locate-path@https://registry.npmjs.org/locate-path/-/locate-path-6.0.0.tgz 0ms (cache hit)
1272 http cache acorn-jsx@https://registry.npmjs.org/acorn-jsx/-/acorn-jsx-5.3.2.tgz 0ms (cache hit)
1273 http cache flat-cache@https://registry.npmjs.org/flat-cache/-/flat-cache-4.0.1.tgz 0ms (cache hit)
1274 http cache acorn@https://registry.npmjs.org/acorn/-/acorn-8.16.0.tgz 0ms (cache hit)
1275 http cache estraverse@https://registry.npmjs.org/estraverse/-/estraverse-5.3.0.tgz 0ms (cache hit)
1276 http cache @types/esrecurse@https://registry.npmjs.org/@types/esrecurse/-/esrecurse-4.3.1.tgz 0ms (cache hit)
1277 http cache update-browserslist-db@https://registry.npmjs.org/update-browserslist-db/-/update-browserslist-db-1.2.3.tgz 0ms (cache hit)
1278 http cache esrecurse@https://registry.npmjs.org/esrecurse/-/esrecurse-4.3.0.tgz 0ms (cache hit)
1279 http cache electron-to-chromium@https://registry.npmjs.org/electron-to-chromium/-/electron-to-chromium-1.5.361.tgz 0ms (cache hit)
1280 http cache @jridgewell/resolve-uri@https://registry.npmjs.org/@jridgewell/resolve-uri/-/resolve-uri-3.1.2.tgz 0ms (cache hit)
1281 http cache node-releases@https://registry.npmjs.org/node-releases/-/node-releases-2.0.46.tgz 0ms (cache hit)
1282 http cache caniuse-lite@https://registry.npmjs.org/caniuse-lite/-/caniuse-lite-1.0.30001793.tgz 0ms (cache hit)
1283 http cache @jridgewell/sourcemap-codec@https://registry.npmjs.org/@jridgewell/sourcemap-codec/-/sourcemap-codec-1.5.5.tgz 0ms (cache hit)
1284 http cache @babel/helper-string-parser@https://registry.npmjs.org/@babel/helper-string-parser/-/helper-string-parser-7.27.1.tgz 0ms (cache hit)
1285 http cache baseline-browser-mapping@https://registry.npmjs.org/baseline-browser-mapping/-/baseline-browser-mapping-2.10.32.tgz 0ms (cache hit)
1286 http cache @babel/helper-globals@https://registry.npmjs.org/@babel/helper-globals/-/helper-globals-7.28.0.tgz 0ms (cache hit)
1287 http cache @babel/helper-module-imports@https://registry.npmjs.org/@babel/helper-module-imports/-/helper-module-imports-7.28.6.tgz 0ms (cache hit)
1288 http cache shebang-regex@https://registry.npmjs.org/shebang-regex/-/shebang-regex-3.0.0.tgz 0ms (cache hit)
1289 http cache lru-cache@https://registry.npmjs.org/lru-cache/-/lru-cache-5.1.1.tgz 0ms (cache hit)
1290 http cache browserslist@https://registry.npmjs.org/browserslist/-/browserslist-4.28.2.tgz 0ms (cache hit)
1291 http cache @babel/helper-validator-option@https://registry.npmjs.org/@babel/helper-validator-option/-/helper-validator-option-7.27.1.tgz 0ms (cache hit)
1292 http cache @babel/compat-data@https://registry.npmjs.org/@babel/compat-data/-/compat-data-7.29.3.tgz 0ms (cache hit)
1293 http cache jsesc@https://registry.npmjs.org/jsesc/-/jsesc-3.1.0.tgz 0ms (cache hit)
1294 http cache @jridgewell/trace-mapping@https://registry.npmjs.org/@jridgewell/trace-mapping/-/trace-mapping-0.3.31.tgz 0ms (cache hit)
1295 http cache @jridgewell/gen-mapping@https://registry.npmjs.org/@jridgewell/gen-mapping/-/gen-mapping-0.3.13.tgz 0ms (cache hit)
1296 http cache @babel/helper-validator-identifier@https://registry.npmjs.org/@babel/helper-validator-identifier/-/helper-validator-identifier-7.28.5.tgz 0ms (cache hit)
1297 http cache picocolors@https://registry.npmjs.org/picocolors/-/picocolors-1.1.1.tgz 0ms (cache hit)
1298 http cache semver@https://registry.npmjs.org/semver/-/semver-6.3.1.tgz 0ms (cache hit)
1299 http cache json5@https://registry.npmjs.org/json5/-/json5-2.2.3.tgz 0ms (cache hit)
1300 http cache gensync@https://registry.npmjs.org/gensync/-/gensync-1.0.0-beta.2.tgz 0ms (cache hit)
1301 http cache convert-source-map@https://registry.npmjs.org/convert-source-map/-/convert-source-map-2.0.0.tgz 0ms (cache hit)
1302 http cache @jridgewell/remapping@https://registry.npmjs.org/@jridgewell/remapping/-/remapping-2.3.5.tgz 0ms (cache hit)
1303 http cache js-tokens@https://registry.npmjs.org/js-tokens/-/js-tokens-4.0.0.tgz 0ms (cache hit)
1304 http cache @babel/types@https://registry.npmjs.org/@babel/types/-/types-7.29.0.tgz 0ms (cache hit)
1305 http cache @babel/template@https://registry.npmjs.org/@babel/template/-/template-7.28.6.tgz 0ms (cache hit)
1306 http cache @babel/helpers@https://registry.npmjs.org/@babel/helpers/-/helpers-7.29.2.tgz 0ms (cache hit)
1307 http cache @babel/helper-module-transforms@https://registry.npmjs.org/@babel/helper-module-transforms/-/helper-module-transforms-7.28.6.tgz 0ms (cache hit)
1308 http cache @babel/generator@https://registry.npmjs.org/@babel/generator/-/generator-7.29.1.tgz 0ms (cache hit)
1309 http cache @babel/helper-compilation-targets@https://registry.npmjs.org/@babel/helper-compilation-targets/-/helper-compilation-targets-7.28.6.tgz 0ms (cache hit)
1310 http cache zod@https://registry.npmjs.org/zod/-/zod-4.4.3.tgz 0ms (cache hit)
1311 http cache @babel/code-frame@https://registry.npmjs.org/@babel/code-frame/-/code-frame-7.29.0.tgz 0ms (cache hit)
1312 http cache zod-validation-error@https://registry.npmjs.org/zod-validation-error/-/zod-validation-error-4.0.2.tgz 0ms (cache hit)
1313 http cache hermes-parser@https://registry.npmjs.org/hermes-parser/-/hermes-parser-0.25.1.tgz 0ms (cache hit)
1314 http cache @babel/parser@https://registry.npmjs.org/@babel/parser/-/parser-7.29.3.tgz 0ms (cache hit)
1315 http cache @babel/core@https://registry.npmjs.org/@babel/core/-/core-7.29.0.tgz 0ms (cache hit)
1316 http cache ms@https://registry.npmjs.org/ms/-/ms-2.1.3.tgz 0ms (cache hit)
1317 http cache shebang-command@https://registry.npmjs.org/shebang-command/-/shebang-command-2.0.0.tgz 0ms (cache hit)
1318 http cache which@https://registry.npmjs.org/which/-/which-2.0.2.tgz 0ms (cache hit)
1319 http cache uri-js@https://registry.npmjs.org/uri-js/-/uri-js-4.4.1.tgz 0ms (cache hit)
1320 http cache json-schema-traverse@https://registry.npmjs.org/json-schema-traverse/-/json-schema-traverse-0.4.1.tgz 0ms (cache hit)
1321 http cache path-key@https://registry.npmjs.org/path-key/-/path-key-3.1.1.tgz 0ms (cache hit)
1322 http cache fast-json-stable-stringify@https://registry.npmjs.org/fast-json-stable-stringify/-/fast-json-stable-stringify-2.1.0.tgz 0ms (cache hit)
1323 http cache @humanfs/types@https://registry.npmjs.org/@humanfs/types/-/types-0.15.0.tgz 0ms (cache hit)
1324 http cache @humanfs/core@https://registry.npmjs.org/@humanfs/core/-/core-0.19.2.tgz 0ms (cache hit)
1325 http cache levn@https://registry.npmjs.org/levn/-/levn-0.4.1.tgz 0ms (cache hit)
1326 http cache optionator@https://registry.npmjs.org/optionator/-/optionator-0.9.4.tgz 0ms (cache hit)
1327 http cache @types/json-schema@https://registry.npmjs.org/@types/json-schema/-/json-schema-7.0.15.tgz 0ms (cache hit)
1328 http cache natural-compare@https://registry.npmjs.org/natural-compare/-/natural-compare-1.4.0.tgz 0ms (cache hit)
1329 http cache is-glob@https://registry.npmjs.org/is-glob/-/is-glob-4.0.3.tgz 0ms (cache hit)
1330 http cache minimatch@https://registry.npmjs.org/minimatch/-/minimatch-10.2.5.tgz 0ms (cache hit)
1331 http cache ignore@https://registry.npmjs.org/ignore/-/ignore-5.3.2.tgz 0ms (cache hit)
1332 http cache glob-parent@https://registry.npmjs.org/glob-parent/-/glob-parent-6.0.2.tgz 0ms (cache hit)
1333 http cache get-intrinsic@https://registry.npmjs.org/get-intrinsic/-/get-intrinsic-1.3.0.tgz 0ms (cache hit)
1334 http cache find-up@https://registry.npmjs.org/find-up/-/find-up-5.0.0.tgz 0ms (cache hit)
1335 http cache imurmurhash@https://registry.npmjs.org/imurmurhash/-/imurmurhash-0.1.4.tgz 0ms (cache hit)
1336 http cache @eslint/object-schema@https://registry.npmjs.org/@eslint/object-schema/-/object-schema-3.0.5.tgz 0ms (cache hit)
1337 http cache json-stable-stringify-without-jsonify@https://registry.npmjs.org/json-stable-stringify-without-jsonify/-/json-stable-stringify-without-jsonify-1.0.1.tgz 0ms (cache hit)
1338 http cache esquery@https://registry.npmjs.org/esquery/-/esquery-1.7.0.tgz 0ms (cache hit)
1339 http cache fast-deep-equal@https://registry.npmjs.org/fast-deep-equal/-/fast-deep-equal-3.1.3.tgz 0ms (cache hit)
1340 http cache espree@https://registry.npmjs.org/espree/-/espree-11.2.0.tgz 0ms (cache hit)
1341 http cache eslint-scope@https://registry.npmjs.org/eslint-scope/-/eslint-scope-9.1.2.tgz 0ms (cache hit)
1342 http cache escape-string-regexp@https://registry.npmjs.org/escape-string-regexp/-/escape-string-regexp-4.0.0.tgz 0ms (cache hit)
1343 http cache eslint-visitor-keys@https://registry.npmjs.org/eslint-visitor-keys/-/eslint-visitor-keys-5.0.1.tgz 0ms (cache hit)
1344 http cache esutils@https://registry.npmjs.org/esutils/-/esutils-2.0.3.tgz 0ms (cache hit)
1345 http cache debug@https://registry.npmjs.org/debug/-/debug-4.4.3.tgz 0ms (cache hit)
1346 http cache cross-spawn@https://registry.npmjs.org/cross-spawn/-/cross-spawn-7.0.6.tgz 0ms (cache hit)
1347 http cache @types/estree@https://registry.npmjs.org/@types/estree/-/estree-1.0.9.tgz 0ms (cache hit)
1348 http cache ajv@https://registry.npmjs.org/ajv/-/ajv-6.15.0.tgz 0ms (cache hit)
1349 http cache @humanwhocodes/retry@https://registry.npmjs.org/@humanwhocodes/retry/-/retry-0.4.3.tgz 0ms (cache hit)
1350 http cache @humanwhocodes/module-importer@https://registry.npmjs.org/@humanwhocodes/module-importer/-/module-importer-1.0.1.tgz 0ms (cache hit)
1351 http cache @humanfs/node@https://registry.npmjs.org/@humanfs/node/-/node-0.16.8.tgz 0ms (cache hit)
1352 http cache @eslint/core@https://registry.npmjs.org/@eslint/core/-/core-1.2.1.tgz 0ms (cache hit)
1353 http cache @eslint/config-helpers@https://registry.npmjs.org/@eslint/config-helpers/-/config-helpers-0.6.0.tgz 0ms (cache hit)
1354 http cache file-entry-cache@https://registry.npmjs.org/file-entry-cache/-/file-entry-cache-8.0.0.tgz 0ms (cache hit)
1355 http cache @eslint/config-array@https://registry.npmjs.org/@eslint/config-array/-/config-array-0.23.5.tgz 0ms (cache hit)
1356 http cache @eslint-community/eslint-utils@https://registry.npmjs.org/@eslint-community/eslint-utils/-/eslint-utils-4.9.1.tgz 0ms (cache hit)
1357 http cache @eslint-community/regexpp@https://registry.npmjs.org/@eslint-community/regexpp/-/regexpp-4.12.2.tgz 0ms (cache hit)
1358 http cache proxy-from-env@https://registry.npmjs.org/proxy-from-env/-/proxy-from-env-2.1.0.tgz 0ms (cache hit)
1359 http cache form-data@https://registry.npmjs.org/form-data/-/form-data-4.0.5.tgz 0ms (cache hit)
1360 http cache @eslint/plugin-kit@https://registry.npmjs.org/@eslint/plugin-kit/-/plugin-kit-0.7.1.tgz 0ms (cache hit)
1361 http cache follow-redirects@https://registry.npmjs.org/follow-redirects/-/follow-redirects-1.16.0.tgz 0ms (cache hit)
1362 http cache csstype@https://registry.npmjs.org/csstype/-/csstype-3.2.3.tgz 0ms (cache hit)
1363 http cache react-router-dom@https://registry.npmjs.org/react-router-dom/-/react-router-dom-6.30.3.tgz 0ms (cache hit)
1364 http cache @rolldown/pluginutils@https://registry.npmjs.org/@rolldown/pluginutils/-/pluginutils-1.0.1.tgz 0ms (cache hit)
1365 http cache react-dom@https://registry.npmjs.org/react-dom/-/react-dom-19.2.6.tgz 0ms (cache hit)
1366 http cache @babel/traverse@https://registry.npmjs.org/@babel/traverse/-/traverse-7.29.0.tgz 0ms (cache hit)
1367 http cache react@https://registry.npmjs.org/react/-/react-19.2.6.tgz 0ms (cache hit)
1368 http cache eslint-plugin-react-hooks@https://registry.npmjs.org/eslint-plugin-react-hooks/-/eslint-plugin-react-hooks-7.1.1.tgz 0ms (cache hit)
1369 http cache https-proxy-agent@https://registry.npmjs.org/https-proxy-agent/-/https-proxy-agent-5.0.1.tgz 0ms (cache hit)
1370 http cache @popperjs/core@https://registry.npmjs.org/@popperjs/core/-/core-2.11.8.tgz 0ms (cache hit)
1371 http cache globals@https://registry.npmjs.org/globals/-/globals-17.6.0.tgz 0ms (cache hit)
1372 http cache eslint-plugin-react-refresh@https://registry.npmjs.org/eslint-plugin-react-refresh/-/eslint-plugin-react-refresh-0.5.2.tgz 0ms (cache hit)
1373 http cache axios@https://registry.npmjs.org/axios/-/axios-1.16.1.tgz 0ms (cache hit)
1374 http cache @types/react-dom@https://registry.npmjs.org/@types/react-dom/-/react-dom-19.2.3.tgz 0ms (cache hit)
1375 http cache @vitejs/plugin-react@https://registry.npmjs.org/@vitejs/plugin-react/-/plugin-react-6.0.2.tgz 0ms (cache hit)
1376 http cache vite@https://registry.npmjs.org/vite/-/vite-8.0.14.tgz 0ms (cache hit)
1377 http cache bootstrap@https://registry.npmjs.org/bootstrap/-/bootstrap-5.3.8.tgz 0ms (cache hit)
1378 http cache eslint@https://registry.npmjs.org/eslint/-/eslint-10.4.0.tgz 0ms (cache hit)
1379 http cache bootstrap-icons@https://registry.npmjs.org/bootstrap-icons/-/bootstrap-icons-1.13.1.tgz 0ms (cache hit)
1380 http cache @eslint/js@https://registry.npmjs.org/@eslint/js/-/js-10.0.1.tgz 0ms (cache hit)
1381 silly tarball no local data for isexe@https://registry.npmjs.org/isexe/-/isexe-2.0.0.tgz. Extracting by manifest.
1382 silly tarball no local data for fdir@https://registry.npmjs.org/fdir/-/fdir-6.5.0.tgz. Extracting by manifest.
1383 silly tarball no local data for tslib@https://registry.npmjs.org/tslib/-/tslib-2.8.1.tgz. Extracting by manifest.
1384 silly tarball no local data for @emnapi/wasi-threads@https://registry.npmjs.org/@emnapi/wasi-threads/-/wasi-threads-1.2.1.tgz. Extracting by manifest.
1385 silly tarball no local data for @napi-rs/wasm-runtime@https://registry.npmjs.org/@napi-rs/wasm-runtime/-/wasm-runtime-1.1.4.tgz. Extracting by manifest.
1386 silly tarball no local data for @tybys/wasm-util@https://registry.npmjs.org/@tybys/wasm-util/-/wasm-util-0.10.2.tgz. Extracting by manifest.
1387 silly tarball no local data for @emnapi/runtime@https://registry.npmjs.org/@emnapi/runtime/-/runtime-1.10.0.tgz. Extracting by manifest.
1388 silly tarball no local data for @emnapi/core@https://registry.npmjs.org/@emnapi/core/-/core-1.10.0.tgz. Extracting by manifest.
1389 silly tarball no local data for @rolldown/binding-darwin-arm64@https://registry.npmjs.org/@rolldown/binding-darwin-arm64/-/binding-darwin-arm64-1.0.2.tgz. Extracting by manifest.
1390 silly tarball no local data for @oxc-project/types@https://registry.npmjs.org/@oxc-project/types/-/types-0.132.0.tgz. Extracting by manifest.
1391 silly tarball no local data for tinyglobby@https://registry.npmjs.org/tinyglobby/-/tinyglobby-0.2.16.tgz. Extracting by manifest.
1392 silly tarball no local data for nanoid@https://registry.npmjs.org/nanoid/-/nanoid-3.3.12.tgz. Extracting by manifest.
1393 silly tarball no local data for postcss@https://registry.npmjs.org/postcss/-/postcss-8.5.15.tgz. Extracting by manifest.
1394 silly tarball no local data for picomatch@https://registry.npmjs.org/picomatch/-/picomatch-4.0.4.tgz. Extracting by manifest.
1395 silly tarball no local data for rolldown@https://registry.npmjs.org/rolldown/-/rolldown-1.0.2.tgz. Extracting by manifest.
1396 silly tarball no local data for lightningcss@https://registry.npmjs.org/lightningcss/-/lightningcss-1.32.0.tgz. Extracting by manifest.
1397 http cache @types/react@https://registry.npmjs.org/@types/react/-/react-19.2.15.tgz 0ms (cache hit)
1398 silly tarball no local data for source-map-js@https://registry.npmjs.org/source-map-js/-/source-map-js-1.2.1.tgz. Extracting by manifest.
1399 silly tarball no local data for lightningcss-darwin-arm64@https://registry.npmjs.org/lightningcss-darwin-arm64/-/lightningcss-darwin-arm64-1.32.0.tgz. Extracting by manifest.
1400 silly tarball no local data for punycode@https://registry.npmjs.org/punycode/-/punycode-2.3.1.tgz. Extracting by manifest.
1401 silly tarball no local data for escalade@https://registry.npmjs.org/escalade/-/escalade-3.2.0.tgz. Extracting by manifest.
1402 http cache eslint-visitor-keys@https://registry.npmjs.org/eslint-visitor-keys/-/eslint-visitor-keys-3.4.3.tgz 0ms (cache hit)
1403 silly tarball no local data for react-router@https://registry.npmjs.org/react-router/-/react-router-6.30.3.tgz. Extracting by manifest.
1404 silly tarball no local data for yocto-queue@https://registry.npmjs.org/yocto-queue/-/yocto-queue-0.1.0.tgz. Extracting by manifest.
1405 silly tarball no local data for @remix-run/router@https://registry.npmjs.org/@remix-run/router/-/router-1.23.2.tgz. Extracting by manifest.
1406 silly tarball no local data for scheduler@https://registry.npmjs.org/scheduler/-/scheduler-0.27.0.tgz. Extracting by manifest.
1407 silly tarball no local data for word-wrap@https://registry.npmjs.org/word-wrap/-/word-wrap-1.2.5.tgz. Extracting by manifest.
1408 silly tarball no local data for fast-levenshtein@https://registry.npmjs.org/fast-levenshtein/-/fast-levenshtein-2.0.6.tgz. Extracting by manifest.
1409 silly tarball no local data for detect-libc@https://registry.npmjs.org/detect-libc/-/detect-libc-2.1.2.tgz. Extracting by manifest.
1410 silly tarball no local data for deep-is@https://registry.npmjs.org/deep-is/-/deep-is-0.1.4.tgz. Extracting by manifest.
1411 silly tarball no local data for p-locate@https://registry.npmjs.org/p-locate/-/p-locate-5.0.0.tgz. Extracting by manifest.
1412 silly tarball no local data for yallist@https://registry.npmjs.org/yallist/-/yallist-3.1.1.tgz. Extracting by manifest.
1413 silly tarball no local data for type-check@https://registry.npmjs.org/type-check/-/type-check-0.4.0.tgz. Extracting by manifest.
1414 silly tarball no local data for prelude-ls@https://registry.npmjs.org/prelude-ls/-/prelude-ls-1.2.1.tgz. Extracting by manifest.
1415 silly tarball no local data for agent-base@https://registry.npmjs.org/agent-base/-/agent-base-6.0.2.tgz. Extracting by manifest.
1416 silly tarball no local data for hermes-estree@https://registry.npmjs.org/hermes-estree/-/hermes-estree-0.25.1.tgz. Extracting by manifest.
1417 silly tarball no local data for json-buffer@https://registry.npmjs.org/json-buffer/-/json-buffer-3.0.1.tgz. Extracting by manifest.
1418 silly tarball no local data for p-limit@https://registry.npmjs.org/p-limit/-/p-limit-3.1.0.tgz. Extracting by manifest.
1419 silly tarball no local data for has-tostringtag@https://registry.npmjs.org/has-tostringtag/-/has-tostringtag-1.0.2.tgz. Extracting by manifest.
1420 silly tarball no local data for delayed-stream@https://registry.npmjs.org/delayed-stream/-/delayed-stream-1.0.0.tgz. Extracting by manifest.
1421 silly tarball no local data for es-set-tostringtag@https://registry.npmjs.org/es-set-tostringtag/-/es-set-tostringtag-2.1.0.tgz. Extracting by manifest.
1422 silly tarball no local data for combined-stream@https://registry.npmjs.org/combined-stream/-/combined-stream-1.0.8.tgz. Extracting by manifest.
1423 silly tarball no local data for asynckit@https://registry.npmjs.org/asynckit/-/asynckit-0.4.0.tgz. Extracting by manifest.
1424 silly tarball no local data for keyv@https://registry.npmjs.org/keyv/-/keyv-4.5.4.tgz. Extracting by manifest.
1425 silly tarball no local data for flatted@https://registry.npmjs.org/flatted/-/flatted-3.4.2.tgz. Extracting by manifest.
1426 silly tarball no local data for path-exists@https://registry.npmjs.org/path-exists/-/path-exists-4.0.0.tgz. Extracting by manifest.
1427 silly tarball no local data for locate-path@https://registry.npmjs.org/locate-path/-/locate-path-6.0.0.tgz. Extracting by manifest.
1428 silly tarball no local data for acorn-jsx@https://registry.npmjs.org/acorn-jsx/-/acorn-jsx-5.3.2.tgz. Extracting by manifest.
1429 silly tarball no local data for flat-cache@https://registry.npmjs.org/flat-cache/-/flat-cache-4.0.1.tgz. Extracting by manifest.
1430 silly tarball no local data for acorn@https://registry.npmjs.org/acorn/-/acorn-8.16.0.tgz. Extracting by manifest.
1431 silly tarball no local data for estraverse@https://registry.npmjs.org/estraverse/-/estraverse-5.3.0.tgz. Extracting by manifest.
1432 silly tarball no local data for @types/esrecurse@https://registry.npmjs.org/@types/esrecurse/-/esrecurse-4.3.1.tgz. Extracting by manifest.
1433 silly tarball no local data for update-browserslist-db@https://registry.npmjs.org/update-browserslist-db/-/update-browserslist-db-1.2.3.tgz. Extracting by manifest.
1434 silly tarball no local data for esrecurse@https://registry.npmjs.org/esrecurse/-/esrecurse-4.3.0.tgz. Extracting by manifest.
1435 silly tarball no local data for electron-to-chromium@https://registry.npmjs.org/electron-to-chromium/-/electron-to-chromium-1.5.361.tgz. Extracting by manifest.
1436 silly tarball no local data for @jridgewell/resolve-uri@https://registry.npmjs.org/@jridgewell/resolve-uri/-/resolve-uri-3.1.2.tgz. Extracting by manifest.
1437 silly tarball no local data for node-releases@https://registry.npmjs.org/node-releases/-/node-releases-2.0.46.tgz. Extracting by manifest.
1438 silly tarball no local data for caniuse-lite@https://registry.npmjs.org/caniuse-lite/-/caniuse-lite-1.0.30001793.tgz. Extracting by manifest.
1439 silly tarball no local data for @jridgewell/sourcemap-codec@https://registry.npmjs.org/@jridgewell/sourcemap-codec/-/sourcemap-codec-1.5.5.tgz. Extracting by manifest.
1440 silly tarball no local data for @babel/helper-string-parser@https://registry.npmjs.org/@babel/helper-string-parser/-/helper-string-parser-7.27.1.tgz. Extracting by manifest.
1441 silly tarball no local data for baseline-browser-mapping@https://registry.npmjs.org/baseline-browser-mapping/-/baseline-browser-mapping-2.10.32.tgz. Extracting by manifest.
1442 silly tarball no local data for @babel/helper-globals@https://registry.npmjs.org/@babel/helper-globals/-/helper-globals-7.28.0.tgz. Extracting by manifest.
1443 silly tarball no local data for @babel/helper-module-imports@https://registry.npmjs.org/@babel/helper-module-imports/-/helper-module-imports-7.28.6.tgz. Extracting by manifest.
1444 silly tarball no local data for shebang-regex@https://registry.npmjs.org/shebang-regex/-/shebang-regex-3.0.0.tgz. Extracting by manifest.
1445 silly tarball no local data for lru-cache@https://registry.npmjs.org/lru-cache/-/lru-cache-5.1.1.tgz. Extracting by manifest.
1446 silly tarball no local data for browserslist@https://registry.npmjs.org/browserslist/-/browserslist-4.28.2.tgz. Extracting by manifest.
1447 silly tarball no local data for @babel/helper-validator-option@https://registry.npmjs.org/@babel/helper-validator-option/-/helper-validator-option-7.27.1.tgz. Extracting by manifest.
1448 silly tarball no local data for @babel/compat-data@https://registry.npmjs.org/@babel/compat-data/-/compat-data-7.29.3.tgz. Extracting by manifest.
1449 silly tarball no local data for jsesc@https://registry.npmjs.org/jsesc/-/jsesc-3.1.0.tgz. Extracting by manifest.
1450 silly tarball no local data for @jridgewell/trace-mapping@https://registry.npmjs.org/@jridgewell/trace-mapping/-/trace-mapping-0.3.31.tgz. Extracting by manifest.
1451 silly tarball no local data for @jridgewell/gen-mapping@https://registry.npmjs.org/@jridgewell/gen-mapping/-/gen-mapping-0.3.13.tgz. Extracting by manifest.
1452 silly tarball no local data for @babel/helper-validator-identifier@https://registry.npmjs.org/@babel/helper-validator-identifier/-/helper-validator-identifier-7.28.5.tgz. Extracting by manifest.
1453 silly tarball no local data for picocolors@https://registry.npmjs.org/picocolors/-/picocolors-1.1.1.tgz. Extracting by manifest.
1454 silly tarball no local data for semver@https://registry.npmjs.org/semver/-/semver-6.3.1.tgz. Extracting by manifest.
1455 silly tarball no local data for json5@https://registry.npmjs.org/json5/-/json5-2.2.3.tgz. Extracting by manifest.
1456 silly tarball no local data for gensync@https://registry.npmjs.org/gensync/-/gensync-1.0.0-beta.2.tgz. Extracting by manifest.
1457 silly tarball no local data for convert-source-map@https://registry.npmjs.org/convert-source-map/-/convert-source-map-2.0.0.tgz. Extracting by manifest.
1458 silly tarball no local data for @jridgewell/remapping@https://registry.npmjs.org/@jridgewell/remapping/-/remapping-2.3.5.tgz. Extracting by manifest.
1459 silly tarball no local data for js-tokens@https://registry.npmjs.org/js-tokens/-/js-tokens-4.0.0.tgz. Extracting by manifest.
1460 silly tarball no local data for @babel/types@https://registry.npmjs.org/@babel/types/-/types-7.29.0.tgz. Extracting by manifest.
1461 silly tarball no local data for @babel/template@https://registry.npmjs.org/@babel/template/-/template-7.28.6.tgz. Extracting by manifest.
1462 silly tarball no local data for @babel/helpers@https://registry.npmjs.org/@babel/helpers/-/helpers-7.29.2.tgz. Extracting by manifest.
1463 silly tarball no local data for @babel/helper-module-transforms@https://registry.npmjs.org/@babel/helper-module-transforms/-/helper-module-transforms-7.28.6.tgz. Extracting by manifest.
1464 silly tarball no local data for @babel/generator@https://registry.npmjs.org/@babel/generator/-/generator-7.29.1.tgz. Extracting by manifest.
1465 silly tarball no local data for @babel/helper-compilation-targets@https://registry.npmjs.org/@babel/helper-compilation-targets/-/helper-compilation-targets-7.28.6.tgz. Extracting by manifest.
1466 silly tarball no local data for zod@https://registry.npmjs.org/zod/-/zod-4.4.3.tgz. Extracting by manifest.
1467 silly tarball no local data for @babel/code-frame@https://registry.npmjs.org/@babel/code-frame/-/code-frame-7.29.0.tgz. Extracting by manifest.
1468 silly tarball no local data for zod-validation-error@https://registry.npmjs.org/zod-validation-error/-/zod-validation-error-4.0.2.tgz. Extracting by manifest.
1469 silly tarball no local data for hermes-parser@https://registry.npmjs.org/hermes-parser/-/hermes-parser-0.25.1.tgz. Extracting by manifest.
1470 silly tarball no local data for @babel/parser@https://registry.npmjs.org/@babel/parser/-/parser-7.29.3.tgz. Extracting by manifest.
1471 silly tarball no local data for @babel/core@https://registry.npmjs.org/@babel/core/-/core-7.29.0.tgz. Extracting by manifest.
1472 silly tarball no local data for shebang-command@https://registry.npmjs.org/shebang-command/-/shebang-command-2.0.0.tgz. Extracting by manifest.
1473 silly tarball no local data for which@https://registry.npmjs.org/which/-/which-2.0.2.tgz. Extracting by manifest.
1474 silly tarball no local data for uri-js@https://registry.npmjs.org/uri-js/-/uri-js-4.4.1.tgz. Extracting by manifest.
1475 silly tarball no local data for json-schema-traverse@https://registry.npmjs.org/json-schema-traverse/-/json-schema-traverse-0.4.1.tgz. Extracting by manifest.
1476 silly tarball no local data for path-key@https://registry.npmjs.org/path-key/-/path-key-3.1.1.tgz. Extracting by manifest.
1477 silly tarball no local data for fast-json-stable-stringify@https://registry.npmjs.org/fast-json-stable-stringify/-/fast-json-stable-stringify-2.1.0.tgz. Extracting by manifest.
1478 silly tarball no local data for @humanfs/types@https://registry.npmjs.org/@humanfs/types/-/types-0.15.0.tgz. Extracting by manifest.
1479 silly tarball no local data for @humanfs/core@https://registry.npmjs.org/@humanfs/core/-/core-0.19.2.tgz. Extracting by manifest.
1480 silly tarball no local data for levn@https://registry.npmjs.org/levn/-/levn-0.4.1.tgz. Extracting by manifest.
1481 silly tarball no local data for optionator@https://registry.npmjs.org/optionator/-/optionator-0.9.4.tgz. Extracting by manifest.
1482 silly tarball no local data for @types/json-schema@https://registry.npmjs.org/@types/json-schema/-/json-schema-7.0.15.tgz. Extracting by manifest.
1483 silly tarball no local data for natural-compare@https://registry.npmjs.org/natural-compare/-/natural-compare-1.4.0.tgz. Extracting by manifest.
1484 silly tarball no local data for ignore@https://registry.npmjs.org/ignore/-/ignore-5.3.2.tgz. Extracting by manifest.
1485 silly tarball no local data for glob-parent@https://registry.npmjs.org/glob-parent/-/glob-parent-6.0.2.tgz. Extracting by manifest.
1486 silly tarball no local data for find-up@https://registry.npmjs.org/find-up/-/find-up-5.0.0.tgz. Extracting by manifest.
1487 silly tarball no local data for imurmurhash@https://registry.npmjs.org/imurmurhash/-/imurmurhash-0.1.4.tgz. Extracting by manifest.
1488 silly tarball no local data for @eslint/object-schema@https://registry.npmjs.org/@eslint/object-schema/-/object-schema-3.0.5.tgz. Extracting by manifest.
1489 silly tarball no local data for json-stable-stringify-without-jsonify@https://registry.npmjs.org/json-stable-stringify-without-jsonify/-/json-stable-stringify-without-jsonify-1.0.1.tgz. Extracting by manifest.
1490 silly tarball no local data for esquery@https://registry.npmjs.org/esquery/-/esquery-1.7.0.tgz. Extracting by manifest.
1491 silly tarball no local data for fast-deep-equal@https://registry.npmjs.org/fast-deep-equal/-/fast-deep-equal-3.1.3.tgz. Extracting by manifest.
1492 silly tarball no local data for espree@https://registry.npmjs.org/espree/-/espree-11.2.0.tgz. Extracting by manifest.
1493 silly tarball no local data for eslint-scope@https://registry.npmjs.org/eslint-scope/-/eslint-scope-9.1.2.tgz. Extracting by manifest.
1494 silly tarball no local data for escape-string-regexp@https://registry.npmjs.org/escape-string-regexp/-/escape-string-regexp-4.0.0.tgz. Extracting by manifest.
1495 silly tarball no local data for eslint-visitor-keys@https://registry.npmjs.org/eslint-visitor-keys/-/eslint-visitor-keys-5.0.1.tgz. Extracting by manifest.
1496 silly tarball no local data for esutils@https://registry.npmjs.org/esutils/-/esutils-2.0.3.tgz. Extracting by manifest.
1497 silly tarball no local data for cross-spawn@https://registry.npmjs.org/cross-spawn/-/cross-spawn-7.0.6.tgz. Extracting by manifest.
1498 silly tarball no local data for @types/estree@https://registry.npmjs.org/@types/estree/-/estree-1.0.9.tgz. Extracting by manifest.
1499 silly tarball no local data for ajv@https://registry.npmjs.org/ajv/-/ajv-6.15.0.tgz. Extracting by manifest.
1500 silly tarball no local data for @humanwhocodes/retry@https://registry.npmjs.org/@humanwhocodes/retry/-/retry-0.4.3.tgz. Extracting by manifest.
1501 silly tarball no local data for @humanwhocodes/module-importer@https://registry.npmjs.org/@humanwhocodes/module-importer/-/module-importer-1.0.1.tgz. Extracting by manifest.
1502 silly tarball no local data for @humanfs/node@https://registry.npmjs.org/@humanfs/node/-/node-0.16.8.tgz. Extracting by manifest.
1503 silly tarball no local data for @eslint/core@https://registry.npmjs.org/@eslint/core/-/core-1.2.1.tgz. Extracting by manifest.
1504 silly tarball no local data for @eslint/config-helpers@https://registry.npmjs.org/@eslint/config-helpers/-/config-helpers-0.6.0.tgz. Extracting by manifest.
1505 silly tarball no local data for file-entry-cache@https://registry.npmjs.org/file-entry-cache/-/file-entry-cache-8.0.0.tgz. Extracting by manifest.
1506 silly tarball no local data for @eslint/config-array@https://registry.npmjs.org/@eslint/config-array/-/config-array-0.23.5.tgz. Extracting by manifest.
1507 silly tarball no local data for @eslint-community/eslint-utils@https://registry.npmjs.org/@eslint-community/eslint-utils/-/eslint-utils-4.9.1.tgz. Extracting by manifest.
1508 silly tarball no local data for @eslint-community/regexpp@https://registry.npmjs.org/@eslint-community/regexpp/-/regexpp-4.12.2.tgz. Extracting by manifest.
1509 silly tarball no local data for proxy-from-env@https://registry.npmjs.org/proxy-from-env/-/proxy-from-env-2.1.0.tgz. Extracting by manifest.
1510 silly tarball no local data for form-data@https://registry.npmjs.org/form-data/-/form-data-4.0.5.tgz. Extracting by manifest.
1511 silly tarball no local data for @eslint/plugin-kit@https://registry.npmjs.org/@eslint/plugin-kit/-/plugin-kit-0.7.1.tgz. Extracting by manifest.
1512 silly tarball no local data for follow-redirects@https://registry.npmjs.org/follow-redirects/-/follow-redirects-1.16.0.tgz. Extracting by manifest.
1513 silly tarball no local data for csstype@https://registry.npmjs.org/csstype/-/csstype-3.2.3.tgz. Extracting by manifest.
1514 silly tarball no local data for react-router-dom@https://registry.npmjs.org/react-router-dom/-/react-router-dom-6.30.3.tgz. Extracting by manifest.
1515 silly tarball no local data for @rolldown/pluginutils@https://registry.npmjs.org/@rolldown/pluginutils/-/pluginutils-1.0.1.tgz. Extracting by manifest.
1516 silly tarball no local data for react-dom@https://registry.npmjs.org/react-dom/-/react-dom-19.2.6.tgz. Extracting by manifest.
1517 silly tarball no local data for @babel/traverse@https://registry.npmjs.org/@babel/traverse/-/traverse-7.29.0.tgz. Extracting by manifest.
1518 silly tarball no local data for react@https://registry.npmjs.org/react/-/react-19.2.6.tgz. Extracting by manifest.
1519 silly tarball no local data for eslint-plugin-react-hooks@https://registry.npmjs.org/eslint-plugin-react-hooks/-/eslint-plugin-react-hooks-7.1.1.tgz. Extracting by manifest.
1520 silly tarball no local data for https-proxy-agent@https://registry.npmjs.org/https-proxy-agent/-/https-proxy-agent-5.0.1.tgz. Extracting by manifest.
1521 silly tarball no local data for @popperjs/core@https://registry.npmjs.org/@popperjs/core/-/core-2.11.8.tgz. Extracting by manifest.
1522 silly tarball no local data for globals@https://registry.npmjs.org/globals/-/globals-17.6.0.tgz. Extracting by manifest.
1523 silly tarball no local data for eslint-plugin-react-refresh@https://registry.npmjs.org/eslint-plugin-react-refresh/-/eslint-plugin-react-refresh-0.5.2.tgz. Extracting by manifest.
1524 silly tarball no local data for axios@https://registry.npmjs.org/axios/-/axios-1.16.1.tgz. Extracting by manifest.
1525 silly tarball no local data for @types/react-dom@https://registry.npmjs.org/@types/react-dom/-/react-dom-19.2.3.tgz. Extracting by manifest.
1526 silly tarball no local data for @vitejs/plugin-react@https://registry.npmjs.org/@vitejs/plugin-react/-/plugin-react-6.0.2.tgz. Extracting by manifest.
1527 silly tarball no local data for vite@https://registry.npmjs.org/vite/-/vite-8.0.14.tgz. Extracting by manifest.
1528 silly tarball no local data for bootstrap@https://registry.npmjs.org/bootstrap/-/bootstrap-5.3.8.tgz. Extracting by manifest.
1529 silly tarball no local data for eslint@https://registry.npmjs.org/eslint/-/eslint-10.4.0.tgz. Extracting by manifest.
1530 silly tarball no local data for bootstrap-icons@https://registry.npmjs.org/bootstrap-icons/-/bootstrap-icons-1.13.1.tgz. Extracting by manifest.
1531 silly tarball no local data for @eslint/js@https://registry.npmjs.org/@eslint/js/-/js-10.0.1.tgz. Extracting by manifest.
1532 silly tarball no local data for @types/react@https://registry.npmjs.org/@types/react/-/react-19.2.15.tgz. Extracting by manifest.
1533 silly tarball no local data for eslint-visitor-keys@https://registry.npmjs.org/eslint-visitor-keys/-/eslint-visitor-keys-3.4.3.tgz. Extracting by manifest.
1534 http fetch GET 200 https://registry.npmjs.org/fdir/-/fdir-6.5.0.tgz 74ms (cache miss)
1535 http fetch GET 200 https://registry.npmjs.org/isexe/-/isexe-2.0.0.tgz 75ms (cache miss)
1536 http fetch GET 200 https://registry.npmjs.org/tslib/-/tslib-2.8.1.tgz 75ms (cache miss)
1537 http fetch GET 200 https://registry.npmjs.org/@tybys/wasm-util/-/wasm-util-0.10.2.tgz 99ms (cache miss)
1538 http fetch GET 200 https://registry.npmjs.org/source-map-js/-/source-map-js-1.2.1.tgz 117ms (cache miss)
1539 http fetch GET 200 https://registry.npmjs.org/lightningcss/-/lightningcss-1.32.0.tgz 127ms (cache miss)
1540 http fetch GET 200 https://registry.npmjs.org/rolldown/-/rolldown-1.0.2.tgz 140ms (cache miss)
1541 http fetch GET 200 https://registry.npmjs.org/@napi-rs/wasm-runtime/-/wasm-runtime-1.1.4.tgz 187ms (cache miss)
1542 http fetch GET 200 https://registry.npmjs.org/punycode/-/punycode-2.3.1.tgz 245ms (cache miss)
1543 http fetch GET 200 https://registry.npmjs.org/nanoid/-/nanoid-3.3.12.tgz 265ms (cache miss)
1544 http fetch GET 200 https://registry.npmjs.org/tinyglobby/-/tinyglobby-0.2.16.tgz 266ms (cache miss)
1545 http fetch GET 200 https://registry.npmjs.org/escalade/-/escalade-3.2.0.tgz 274ms (cache miss)
1546 http fetch GET 200 https://registry.npmjs.org/postcss/-/postcss-8.5.15.tgz 278ms (cache miss)
1547 http fetch POST 200 https://registry.npmjs.org/-/npm/v1/security/advisories/bulk 350ms
1548 silly audit report {}
1549 http fetch GET 200 https://registry.npmjs.org/picomatch/-/picomatch-4.0.4.tgz 322ms (cache miss)
1550 http fetch GET 200 https://registry.npmjs.org/react-router/-/react-router-6.30.3.tgz 324ms (cache miss)
1551 http fetch GET 200 https://registry.npmjs.org/@emnapi/runtime/-/runtime-1.10.0.tgz 328ms (cache miss)
1552 http fetch GET 200 https://registry.npmjs.org/@oxc-project/types/-/types-0.132.0.tgz 335ms (cache miss)
1553 http fetch GET 200 https://registry.npmjs.org/yocto-queue/-/yocto-queue-0.1.0.tgz 376ms (cache miss)
1554 http fetch GET 200 https://registry.npmjs.org/@emnapi/wasi-threads/-/wasi-threads-1.2.1.tgz 386ms (cache miss)
1555 http fetch GET 200 https://registry.npmjs.org/word-wrap/-/word-wrap-1.2.5.tgz 437ms (cache miss)
1556 http fetch GET 200 https://registry.npmjs.org/scheduler/-/scheduler-0.27.0.tgz 449ms (cache miss)
1557 http fetch GET 200 https://registry.npmjs.org/fast-levenshtein/-/fast-levenshtein-2.0.6.tgz 453ms (cache miss)
1558 http fetch GET 200 https://registry.npmjs.org/detect-libc/-/detect-libc-2.1.2.tgz 456ms (cache miss)
1559 http fetch GET 200 https://registry.npmjs.org/@remix-run/router/-/router-1.23.2.tgz 522ms (cache miss)
1560 http fetch GET 200 https://registry.npmjs.org/p-locate/-/p-locate-5.0.0.tgz 545ms (cache miss)
1561 http fetch GET 200 https://registry.npmjs.org/deep-is/-/deep-is-0.1.4.tgz 546ms (cache miss)
1562 http fetch GET 200 https://registry.npmjs.org/type-check/-/type-check-0.4.0.tgz 547ms (cache miss)
1563 http fetch GET 200 https://registry.npmjs.org/yallist/-/yallist-3.1.1.tgz 547ms (cache miss)
1564 http fetch GET 200 https://registry.npmjs.org/prelude-ls/-/prelude-ls-1.2.1.tgz 548ms (cache miss)
1565 http fetch GET 200 https://registry.npmjs.org/agent-base/-/agent-base-6.0.2.tgz 562ms (cache miss)
1566 http fetch GET 200 https://registry.npmjs.org/hermes-estree/-/hermes-estree-0.25.1.tgz 568ms (cache miss)
1567 http fetch GET 200 https://registry.npmjs.org/lightningcss-darwin-arm64/-/lightningcss-darwin-arm64-1.32.0.tgz 581ms (cache miss)
1568 http fetch GET 200 https://registry.npmjs.org/has-tostringtag/-/has-tostringtag-1.0.2.tgz 579ms (cache miss)
1569 http fetch GET 200 https://registry.npmjs.org/p-limit/-/p-limit-3.1.0.tgz 579ms (cache miss)
1570 http fetch GET 200 https://registry.npmjs.org/delayed-stream/-/delayed-stream-1.0.0.tgz 579ms (cache miss)
1571 http fetch GET 200 https://registry.npmjs.org/json-buffer/-/json-buffer-3.0.1.tgz 579ms (cache miss)
1572 http fetch GET 200 https://registry.npmjs.org/@emnapi/core/-/core-1.10.0.tgz 596ms (cache miss)
1573 http fetch GET 200 https://registry.npmjs.org/es-set-tostringtag/-/es-set-tostringtag-2.1.0.tgz 594ms (cache miss)
1574 http fetch GET 200 https://registry.npmjs.org/keyv/-/keyv-4.5.4.tgz 594ms (cache miss)
1575 http fetch GET 200 https://registry.npmjs.org/path-exists/-/path-exists-4.0.0.tgz 594ms (cache miss)
1576 http fetch GET 200 https://registry.npmjs.org/flatted/-/flatted-3.4.2.tgz 596ms (cache miss)
1577 http fetch GET 200 https://registry.npmjs.org/asynckit/-/asynckit-0.4.0.tgz 597ms (cache miss)
1578 http fetch GET 200 https://registry.npmjs.org/combined-stream/-/combined-stream-1.0.8.tgz 608ms (cache miss)
1579 http fetch GET 200 https://registry.npmjs.org/locate-path/-/locate-path-6.0.0.tgz 608ms (cache miss)
1580 http fetch GET 200 https://registry.npmjs.org/update-browserslist-db/-/update-browserslist-db-1.2.3.tgz 616ms (cache miss)
1581 http fetch GET 200 https://registry.npmjs.org/estraverse/-/estraverse-5.3.0.tgz 618ms (cache miss)
1582 http fetch GET 200 https://registry.npmjs.org/acorn-jsx/-/acorn-jsx-5.3.2.tgz 619ms (cache miss)
1583 http fetch GET 200 https://registry.npmjs.org/flat-cache/-/flat-cache-4.0.1.tgz 628ms (cache miss)
1584 http fetch GET 200 https://registry.npmjs.org/@types/esrecurse/-/esrecurse-4.3.1.tgz 627ms (cache miss)
1585 http fetch GET 200 https://registry.npmjs.org/esrecurse/-/esrecurse-4.3.0.tgz 631ms (cache miss)
1586 http fetch GET 200 https://registry.npmjs.org/electron-to-chromium/-/electron-to-chromium-1.5.361.tgz 642ms (cache miss)
1587 http fetch GET 200 https://registry.npmjs.org/node-releases/-/node-releases-2.0.46.tgz 643ms (cache miss)
1588 http fetch GET 200 https://registry.npmjs.org/@jridgewell/resolve-uri/-/resolve-uri-3.1.2.tgz 649ms (cache miss)
1589 http fetch GET 200 https://registry.npmjs.org/baseline-browser-mapping/-/baseline-browser-mapping-2.10.32.tgz 659ms (cache miss)
1590 http fetch GET 200 https://registry.npmjs.org/acorn/-/acorn-8.16.0.tgz 661ms (cache miss)
1591 http fetch GET 200 https://registry.npmjs.org/lru-cache/-/lru-cache-5.1.1.tgz 664ms (cache miss)
1592 http fetch GET 200 https://registry.npmjs.org/shebang-regex/-/shebang-regex-3.0.0.tgz 664ms (cache miss)
1593 http fetch GET 200 https://registry.npmjs.org/@jridgewell/sourcemap-codec/-/sourcemap-codec-1.5.5.tgz 669ms (cache miss)
1594 http fetch GET 200 https://registry.npmjs.org/@babel/helper-globals/-/helper-globals-7.28.0.tgz 669ms (cache miss)
1595 http fetch GET 200 https://registry.npmjs.org/@babel/helper-module-imports/-/helper-module-imports-7.28.6.tgz 671ms (cache miss)
1596 http fetch GET 200 https://registry.npmjs.org/browserslist/-/browserslist-4.28.2.tgz 674ms (cache miss)
1597 http fetch GET 200 https://registry.npmjs.org/@babel/helper-string-parser/-/helper-string-parser-7.27.1.tgz 681ms (cache miss)
1598 http fetch GET 200 https://registry.npmjs.org/@babel/helper-validator-option/-/helper-validator-option-7.27.1.tgz 682ms (cache miss)
1599 http fetch GET 200 https://registry.npmjs.org/jsesc/-/jsesc-3.1.0.tgz 706ms (cache miss)
1600 http fetch GET 200 https://registry.npmjs.org/gensync/-/gensync-1.0.0-beta.2.tgz 720ms (cache miss)
1601 http fetch GET 200 https://registry.npmjs.org/convert-source-map/-/convert-source-map-2.0.0.tgz 719ms (cache miss)
1602 http fetch GET 200 https://registry.npmjs.org/picocolors/-/picocolors-1.1.1.tgz 720ms (cache miss)
1603 http fetch GET 200 https://registry.npmjs.org/semver/-/semver-6.3.1.tgz 721ms (cache miss)
1604 http fetch GET 200 https://registry.npmjs.org/@babel/helper-validator-identifier/-/helper-validator-identifier-7.28.5.tgz 721ms (cache miss)
1605 http fetch GET 200 https://registry.npmjs.org/@jridgewell/gen-mapping/-/gen-mapping-0.3.13.tgz 725ms (cache miss)
1606 http fetch GET 200 https://registry.npmjs.org/@babel/compat-data/-/compat-data-7.29.3.tgz 728ms (cache miss)
1607 http fetch GET 200 https://registry.npmjs.org/@jridgewell/trace-mapping/-/trace-mapping-0.3.31.tgz 735ms (cache miss)
1608 http fetch GET 200 https://registry.npmjs.org/json5/-/json5-2.2.3.tgz 736ms (cache miss)
1609 http fetch GET 200 https://registry.npmjs.org/js-tokens/-/js-tokens-4.0.0.tgz 745ms (cache miss)
1610 http fetch GET 200 https://registry.npmjs.org/@jridgewell/remapping/-/remapping-2.3.5.tgz 750ms (cache miss)
1611 http fetch GET 200 https://registry.npmjs.org/caniuse-lite/-/caniuse-lite-1.0.30001793.tgz 796ms (cache miss)
1612 http fetch GET 200 https://registry.npmjs.org/@babel/helper-compilation-targets/-/helper-compilation-targets-7.28.6.tgz 801ms (cache miss)
1613 http fetch GET 200 https://registry.npmjs.org/@babel/code-frame/-/code-frame-7.29.0.tgz 830ms (cache miss)
1614 http fetch GET 200 https://registry.npmjs.org/@babel/helper-module-transforms/-/helper-module-transforms-7.28.6.tgz 835ms (cache miss)
1615 http fetch GET 200 https://registry.npmjs.org/@babel/template/-/template-7.28.6.tgz 840ms (cache miss)
1616 http fetch GET 200 https://registry.npmjs.org/zod-validation-error/-/zod-validation-error-4.0.2.tgz 843ms (cache miss)
1617 http fetch GET 200 https://registry.npmjs.org/@babel/helpers/-/helpers-7.29.2.tgz 889ms (cache miss)
1618 http fetch GET 200 https://registry.npmjs.org/hermes-parser/-/hermes-parser-0.25.1.tgz 921ms (cache miss)
1619 http fetch GET 200 https://registry.npmjs.org/shebang-command/-/shebang-command-2.0.0.tgz 941ms (cache miss)
1620 http fetch GET 200 https://registry.npmjs.org/which/-/which-2.0.2.tgz 947ms (cache miss)
1621 http fetch GET 200 https://registry.npmjs.org/zod/-/zod-4.4.3.tgz 980ms (cache miss)
1622 http fetch GET 200 https://registry.npmjs.org/@babel/core/-/core-7.29.0.tgz 987ms (cache miss)
1623 http fetch GET 200 https://registry.npmjs.org/uri-js/-/uri-js-4.4.1.tgz 988ms (cache miss)
1624 http fetch GET 200 https://registry.npmjs.org/path-key/-/path-key-3.1.1.tgz 993ms (cache miss)
1625 http fetch GET 200 https://registry.npmjs.org/json-schema-traverse/-/json-schema-traverse-0.4.1.tgz 994ms (cache miss)
1626 http fetch GET 200 https://registry.npmjs.org/@babel/generator/-/generator-7.29.1.tgz 997ms (cache miss)
1627 http fetch GET 200 https://registry.npmjs.org/fast-json-stable-stringify/-/fast-json-stable-stringify-2.1.0.tgz 994ms (cache miss)
1628 http fetch GET 200 https://registry.npmjs.org/@humanfs/types/-/types-0.15.0.tgz 1004ms (cache miss)
1629 http fetch GET 200 https://registry.npmjs.org/@babel/types/-/types-7.29.0.tgz 1087ms (cache miss)
1630 http fetch GET 200 https://registry.npmjs.org/levn/-/levn-0.4.1.tgz 1104ms (cache miss)
1631 http fetch GET 200 https://registry.npmjs.org/@types/json-schema/-/json-schema-7.0.15.tgz 1134ms (cache miss)
1632 http fetch GET 200 https://registry.npmjs.org/optionator/-/optionator-0.9.4.tgz 1135ms (cache miss)
1633 http fetch GET 200 https://registry.npmjs.org/glob-parent/-/glob-parent-6.0.2.tgz 1136ms (cache miss)
1634 http fetch GET 200 https://registry.npmjs.org/natural-compare/-/natural-compare-1.4.0.tgz 1137ms (cache miss)
1635 http fetch GET 200 https://registry.npmjs.org/ignore/-/ignore-5.3.2.tgz 1137ms (cache miss)
1636 http fetch GET 200 https://registry.npmjs.org/find-up/-/find-up-5.0.0.tgz 1150ms (cache miss)
1637 http fetch GET 200 https://registry.npmjs.org/imurmurhash/-/imurmurhash-0.1.4.tgz 1151ms (cache miss)
1638 http fetch GET 200 https://registry.npmjs.org/json-stable-stringify-without-jsonify/-/json-stable-stringify-without-jsonify-1.0.1.tgz 1152ms (cache miss)
1639 http fetch GET 200 https://registry.npmjs.org/esquery/-/esquery-1.7.0.tgz 1156ms (cache miss)
1640 http fetch GET 200 https://registry.npmjs.org/@eslint/object-schema/-/object-schema-3.0.5.tgz 1162ms (cache miss)
1641 http fetch GET 200 https://registry.npmjs.org/@humanfs/core/-/core-0.19.2.tgz 1177ms (cache miss)
1642 http fetch GET 200 https://registry.npmjs.org/fast-deep-equal/-/fast-deep-equal-3.1.3.tgz 1186ms (cache miss)
1643 http fetch GET 200 https://registry.npmjs.org/espree/-/espree-11.2.0.tgz 1198ms (cache miss)
1644 http fetch GET 200 https://registry.npmjs.org/cross-spawn/-/cross-spawn-7.0.6.tgz 1252ms (cache miss)
1645 http fetch GET 200 https://registry.npmjs.org/esutils/-/esutils-2.0.3.tgz 1252ms (cache miss)
1646 http fetch GET 200 https://registry.npmjs.org/eslint-visitor-keys/-/eslint-visitor-keys-5.0.1.tgz 1253ms (cache miss)
1647 http fetch GET 200 https://registry.npmjs.org/ajv/-/ajv-6.15.0.tgz 1266ms (cache miss)
1648 http fetch GET 200 https://registry.npmjs.org/file-entry-cache/-/file-entry-cache-8.0.0.tgz 1269ms (cache miss)
1649 http fetch GET 200 https://registry.npmjs.org/eslint-scope/-/eslint-scope-9.1.2.tgz 1278ms (cache miss)
1650 http fetch GET 200 https://registry.npmjs.org/escape-string-regexp/-/escape-string-regexp-4.0.0.tgz 1278ms (cache miss)
1651 http fetch GET 200 https://registry.npmjs.org/@types/estree/-/estree-1.0.9.tgz 1280ms (cache miss)
1652 http fetch GET 200 https://registry.npmjs.org/@humanwhocodes/module-importer/-/module-importer-1.0.1.tgz 1301ms (cache miss)
1653 http fetch GET 200 https://registry.npmjs.org/@eslint/config-helpers/-/config-helpers-0.6.0.tgz 1306ms (cache miss)
1654 http fetch GET 200 https://registry.npmjs.org/@babel/parser/-/parser-7.29.3.tgz 1328ms (cache miss)
1655 http fetch GET 200 https://registry.npmjs.org/@humanfs/node/-/node-0.16.8.tgz 1323ms (cache miss)
1656 http fetch GET 200 https://registry.npmjs.org/proxy-from-env/-/proxy-from-env-2.1.0.tgz 1358ms (cache miss)
1657 http fetch GET 200 https://registry.npmjs.org/@eslint-community/regexpp/-/regexpp-4.12.2.tgz 1368ms (cache miss)
1658 http fetch GET 200 https://registry.npmjs.org/@eslint-community/eslint-utils/-/eslint-utils-4.9.1.tgz 1373ms (cache miss)
1659 http fetch GET 200 https://registry.npmjs.org/form-data/-/form-data-4.0.5.tgz 1381ms (cache miss)
1660 http fetch GET 200 https://registry.npmjs.org/follow-redirects/-/follow-redirects-1.16.0.tgz 1403ms (cache miss)
1661 http fetch GET 200 https://registry.npmjs.org/react-router-dom/-/react-router-dom-6.30.3.tgz 1428ms (cache miss)
1662 http fetch GET 200 https://registry.npmjs.org/@eslint/plugin-kit/-/plugin-kit-0.7.1.tgz 1442ms (cache miss)
1663 http fetch GET 200 https://registry.npmjs.org/@rolldown/pluginutils/-/pluginutils-1.0.1.tgz 1447ms (cache miss)
1664 http fetch GET 200 https://registry.npmjs.org/@babel/traverse/-/traverse-7.29.0.tgz 1492ms (cache miss)
1665 http fetch GET 200 https://registry.npmjs.org/react/-/react-19.2.6.tgz 1543ms (cache miss)
1666 http fetch GET 200 https://registry.npmjs.org/https-proxy-agent/-/https-proxy-agent-5.0.1.tgz 1547ms (cache miss)
1667 http fetch GET 200 https://registry.npmjs.org/@eslint/core/-/core-1.2.1.tgz 1594ms (cache miss)
1668 http fetch GET 200 https://registry.npmjs.org/csstype/-/csstype-3.2.3.tgz 1601ms (cache miss)
1669 http fetch GET 200 https://registry.npmjs.org/@rolldown/binding-darwin-arm64/-/binding-darwin-arm64-1.0.2.tgz 1621ms (cache miss)
1670 http fetch GET 200 https://registry.npmjs.org/@humanwhocodes/retry/-/retry-0.4.3.tgz 1608ms (cache miss)
1671 http fetch GET 200 https://registry.npmjs.org/eslint-plugin-react-refresh/-/eslint-plugin-react-refresh-0.5.2.tgz 1605ms (cache miss)
1672 http fetch GET 200 https://registry.npmjs.org/globals/-/globals-17.6.0.tgz 1607ms (cache miss)
1673 http fetch GET 200 https://registry.npmjs.org/@types/react-dom/-/react-dom-19.2.3.tgz 1611ms (cache miss)
1674 http fetch GET 200 https://registry.npmjs.org/@eslint/config-array/-/config-array-0.23.5.tgz 1615ms (cache miss)
1675 http fetch GET 200 https://registry.npmjs.org/@vitejs/plugin-react/-/plugin-react-6.0.2.tgz 1630ms (cache miss)
1676 http fetch GET 200 https://registry.npmjs.org/@popperjs/core/-/core-2.11.8.tgz 1682ms (cache miss)
1677 http fetch GET 200 https://registry.npmjs.org/eslint-plugin-react-hooks/-/eslint-plugin-react-hooks-7.1.1.tgz 1704ms (cache miss)
1678 http fetch GET 200 https://registry.npmjs.org/eslint-visitor-keys/-/eslint-visitor-keys-3.4.3.tgz 1747ms (cache miss)
1679 http fetch GET 200 https://registry.npmjs.org/@eslint/js/-/js-10.0.1.tgz 1781ms (cache miss)
1680 http fetch GET 200 https://registry.npmjs.org/vite/-/vite-8.0.14.tgz 1782ms (cache miss)
1681 http fetch GET 200 https://registry.npmjs.org/@types/react/-/react-19.2.15.tgz 1780ms (cache miss)
1682 http fetch GET 200 https://registry.npmjs.org/eslint/-/eslint-10.4.0.tgz 1912ms (cache miss)
1683 http fetch GET 200 https://registry.npmjs.org/axios/-/axios-1.16.1.tgz 2044ms (cache miss)
1684 http fetch GET 200 https://registry.npmjs.org/bootstrap/-/bootstrap-5.3.8.tgz 2053ms (cache miss)
1685 http fetch GET 200 https://registry.npmjs.org/bootstrap-icons/-/bootstrap-icons-1.13.1.tgz 2109ms (cache miss)
1686 http fetch GET 200 https://registry.npmjs.org/react-dom/-/react-dom-19.2.6.tgz 2258ms (cache miss)
1687 info run fsevents@2.3.3 install node_modules/fsevents node-gyp rebuild
1688 info run fsevents@2.3.3 install { code: 1, signal: null }
1689 verbose reify failed optional dependency /Users/diona/Desktop/Lab1-Projekti/frontend/node_modules/fsevents
1690 silly reify mark deleted [ '/Users/diona/Desktop/Lab1-Projekti/frontend/node_modules/fsevents' ]
1691 silly ADD node_modules/isexe
1692 silly ADD node_modules/fdir
1693 silly ADD node_modules/@tybys/wasm-util
1694 silly ADD node_modules/tslib
1695 silly ADD node_modules/@emnapi/wasi-threads
1696 silly ADD node_modules/@napi-rs/wasm-runtime
1697 silly ADD node_modules/@emnapi/runtime
1698 silly ADD node_modules/@emnapi/core
1699 silly ADD node_modules/@rolldown/binding-win32-x64-msvc
1700 silly ADD node_modules/@rolldown/binding-win32-arm64-msvc
1701 silly ADD node_modules/@rolldown/binding-wasm32-wasi
1702 silly ADD node_modules/@rolldown/binding-openharmony-arm64
1703 silly ADD node_modules/@rolldown/binding-linux-x64-musl
1704 silly ADD node_modules/@rolldown/binding-linux-x64-gnu
1705 silly ADD node_modules/@rolldown/binding-linux-s390x-gnu
1706 silly ADD node_modules/@rolldown/binding-linux-ppc64-gnu
1707 silly ADD node_modules/@rolldown/binding-linux-arm64-musl
1708 silly ADD node_modules/@rolldown/binding-linux-arm64-gnu
1709 silly ADD node_modules/@rolldown/binding-linux-arm-gnueabihf
1710 silly ADD node_modules/@rolldown/binding-freebsd-x64
1711 silly ADD node_modules/@rolldown/binding-darwin-x64
1712 silly ADD node_modules/@rolldown/binding-darwin-arm64
1713 silly ADD node_modules/@rolldown/binding-android-arm64
1714 silly ADD node_modules/@oxc-project/types
1715 silly ADD node_modules/source-map-js
1716 silly ADD node_modules/nanoid
1717 silly ADD node_modules/lightningcss-win32-x64-msvc
1718 silly ADD node_modules/lightningcss-win32-arm64-msvc
1719 silly ADD node_modules/lightningcss-linux-x64-musl
1720 silly ADD node_modules/lightningcss-linux-x64-gnu
1721 silly ADD node_modules/lightningcss-linux-arm64-musl
1722 silly ADD node_modules/lightningcss-linux-arm64-gnu
1723 silly ADD node_modules/lightningcss-linux-arm-gnueabihf
1724 silly ADD node_modules/lightningcss-freebsd-x64
1725 silly ADD node_modules/lightningcss-darwin-x64
1726 silly ADD node_modules/lightningcss-darwin-arm64
1727 silly ADD node_modules/lightningcss-android-arm64
1728 silly ADD node_modules/detect-libc
1729 silly ADD node_modules/tinyglobby
1730 silly ADD node_modules/rolldown
1731 silly ADD node_modules/postcss
1732 silly ADD node_modules/picomatch
1733 silly ADD node_modules/lightningcss
1734 silly ADD node_modules/fsevents
1735 silly ADD node_modules/punycode
1736 silly ADD node_modules/escalade
1737 silly ADD node_modules/shebang-regex
1738 silly ADD node_modules/react-router
1739 silly ADD node_modules/@remix-run/router
1740 silly ADD node_modules/scheduler
1741 silly ADD node_modules/yocto-queue
1742 silly ADD node_modules/p-limit
1743 silly ADD node_modules/word-wrap
1744 silly ADD node_modules/fast-levenshtein
1745 silly ADD node_modules/deep-is
1746 silly ADD node_modules/balanced-match
1747 silly ADD node_modules/brace-expansion
1748 silly ADD node_modules/mime-db
1749 silly ADD node_modules/yallist
1750 silly ADD node_modules/p-locate
1751 silly ADD node_modules/type-check
1752 silly ADD node_modules/prelude-ls
1753 silly ADD node_modules/json-buffer
1754 silly ADD node_modules/is-extglob
1755 silly ADD node_modules/agent-base
1756 silly ADD node_modules/hermes-estree
1757 silly ADD node_modules/dunder-proto
1758 silly ADD node_modules/math-intrinsics
1759 silly ADD node_modules/has-symbols
1760 silly ADD node_modules/gopd
1761 silly ADD node_modules/get-proto
1762 silly ADD node_modules/function-bind
1763 silly ADD node_modules/es-object-atoms
1764 silly ADD node_modules/es-define-property
1765 silly ADD node_modules/call-bind-apply-helpers
1766 silly ADD node_modules/has-tostringtag
1767 silly ADD node_modules/get-intrinsic
1768 silly ADD node_modules/es-errors
1769 silly ADD node_modules/delayed-stream
1770 silly ADD node_modules/mime-types
1771 silly ADD node_modules/hasown
1772 silly ADD node_modules/es-set-tostringtag
1773 silly ADD node_modules/combined-stream
1774 silly ADD node_modules/asynckit
1775 silly ADD node_modules/keyv
1776 silly ADD node_modules/flatted
1777 silly ADD node_modules/path-exists
1778 silly ADD node_modules/locate-path
1779 silly ADD node_modules/flat-cache
1780 silly ADD node_modules/acorn-jsx
1781 silly ADD node_modules/acorn
1782 silly ADD node_modules/estraverse
1783 silly ADD node_modules/esrecurse
1784 silly ADD node_modules/@types/esrecurse
1785 silly ADD node_modules/update-browserslist-db
1786 silly ADD node_modules/node-releases
1787 silly ADD node_modules/electron-to-chromium
1788 silly ADD node_modules/caniuse-lite
1789 silly ADD node_modules/baseline-browser-mapping
1790 silly ADD node_modules/@jridgewell/resolve-uri
1791 silly ADD node_modules/@jridgewell/sourcemap-codec
1792 silly ADD node_modules/@babel/helper-string-parser
1793 silly ADD node_modules/@babel/helper-globals
1794 silly ADD node_modules/@babel/helper-module-imports
1795 silly ADD node_modules/lru-cache
1796 silly ADD node_modules/browserslist
1797 silly ADD node_modules/@babel/helper-validator-option
1798 silly ADD node_modules/@babel/compat-data
1799 silly ADD node_modules/jsesc
1800 silly ADD node_modules/@jridgewell/trace-mapping
1801 silly ADD node_modules/@jridgewell/gen-mapping
1802 silly ADD node_modules/picocolors
1803 silly ADD node_modules/js-tokens
1804 silly ADD node_modules/@babel/helper-validator-identifier
1805 silly ADD node_modules/semver
1806 silly ADD node_modules/json5
1807 silly ADD node_modules/gensync
1808 silly ADD node_modules/convert-source-map
1809 silly ADD node_modules/@jridgewell/remapping
1810 silly ADD node_modules/@babel/types
1811 silly ADD node_modules/@babel/traverse
1812 silly ADD node_modules/@babel/template
1813 silly ADD node_modules/@babel/helpers
1814 silly ADD node_modules/@babel/helper-module-transforms
1815 silly ADD node_modules/@babel/helper-compilation-targets
1816 silly ADD node_modules/@babel/generator
1817 silly ADD node_modules/@babel/code-frame
1818 silly ADD node_modules/zod-validation-error
1819 silly ADD node_modules/zod
1820 silly ADD node_modules/hermes-parser
1821 silly ADD node_modules/@babel/parser
1822 silly ADD node_modules/@babel/core
1823 silly ADD node_modules/ms
1824 silly ADD node_modules/which
1825 silly ADD node_modules/shebang-command
1826 silly ADD node_modules/path-key
1827 silly ADD node_modules/uri-js
1828 silly ADD node_modules/json-schema-traverse
1829 silly ADD node_modules/fast-json-stable-stringify
1830 silly ADD node_modules/@humanfs/types
1831 silly ADD node_modules/@humanfs/core
1832 silly ADD node_modules/levn
1833 silly ADD node_modules/@types/json-schema
1834 silly ADD node_modules/@eslint/object-schema
1835 silly ADD node_modules/optionator
1836 silly ADD node_modules/natural-compare
1837 silly ADD node_modules/minimatch
1838 silly ADD node_modules/json-stable-stringify-without-jsonify
1839 silly ADD node_modules/is-glob
1840 silly ADD node_modules/imurmurhash
1841 silly ADD node_modules/ignore
1842 silly ADD node_modules/glob-parent
1843 silly ADD node_modules/find-up
1844 silly ADD node_modules/file-entry-cache
1845 silly ADD node_modules/fast-deep-equal
1846 silly ADD node_modules/esutils
1847 silly ADD node_modules/esquery
1848 silly ADD node_modules/espree
1849 silly ADD node_modules/eslint-visitor-keys
1850 silly ADD node_modules/eslint-scope
1851 silly ADD node_modules/escape-string-regexp
1852 silly ADD node_modules/debug
1853 silly ADD node_modules/cross-spawn
1854 silly ADD node_modules/ajv
1855 silly ADD node_modules/@types/estree
1856 silly ADD node_modules/@humanwhocodes/retry
1857 silly ADD node_modules/@humanwhocodes/module-importer
1858 silly ADD node_modules/@humanfs/node
1859 silly ADD node_modules/@eslint/plugin-kit
1860 silly ADD node_modules/@eslint/core
1861 silly ADD node_modules/@eslint/config-helpers
1862 silly ADD node_modules/@eslint/config-array
1863 silly ADD node_modules/@eslint-community/regexpp
1864 silly ADD node_modules/@eslint-community/eslint-utils
1865 silly ADD node_modules/@eslint-community/eslint-utils/node_modules/eslint-visitor-keys
1866 silly ADD node_modules/proxy-from-env
1867 silly ADD node_modules/https-proxy-agent
1868 silly ADD node_modules/form-data
1869 silly ADD node_modules/follow-redirects
1870 silly ADD node_modules/@rolldown/pluginutils
1871 silly ADD node_modules/csstype
1872 silly ADD node_modules/react-router-dom
1873 silly ADD node_modules/react-dom
1874 silly ADD node_modules/react
1875 silly ADD node_modules/globals
1876 silly ADD node_modules/eslint-plugin-react-refresh
1877 silly ADD node_modules/eslint-plugin-react-hooks
1878 silly ADD node_modules/eslint
1879 silly ADD node_modules/bootstrap-icons
1880 silly ADD node_modules/@popperjs/core
1881 silly ADD node_modules/bootstrap
1882 silly ADD node_modules/axios
1883 silly ADD node_modules/vite
1884 silly ADD node_modules/@vitejs/plugin-react
1885 silly ADD node_modules/@types/react-dom
1886 silly ADD node_modules/@types/react
1887 silly ADD node_modules/@eslint/js
1888 verbose cwd /Users/diona/Desktop/Lab1-Projekti/frontend
1889 verbose os Darwin 24.4.0
1890 verbose node v24.11.0
1891 verbose npm  v11.6.1
1892 verbose exit 0
1893 info ok
